,community_num,num_users,user_num_games,num_users_zscore,user_num_games_zscore,avg_num_games_played
0,0,2,1,-0.17055806377146396,-0.09234532843631302,0.5
1,1,1,1,-0.1711403357518036,-0.09234532843631302,1.0
2,2,1,1,-0.1711403357518036,-0.09234532843631302,1.0
3,3,1,1,-0.1711403357518036,-0.09234532843631302,1.0
4,4,1,1,-0.1711403357518036,-0.09234532843631302,1.0
5,5,4,1,-0.16939351981078468,-0.09234532843631302,0.25
6,6,1,1,-0.1711403357518036,-0.09234532843631302,1.0
7,7,852,30,0.3243731195172252,0.008159771726432855,0.035211267605633804
8,8,2,1,-0.17055806377146396,-0.09234532843631302,0.5
9,9,1,1,-0.1711403357518036,-0.09234532843631302,1.0
10,10,1,1,-0.1711403357518036,-0.09234532843631302,1.0
11,11,1,1,-0.1711403357518036,-0.09234532843631302,1.0
12,12,3,1,-0.16997579179112432,-0.09234532843631302,0.3333333333333333
13,13,9,1,-0.16648215990908652,-0.09234532843631302,0.1111111111111111
14,14,2,1,-0.17055806377146396,-0.09234532843631302,0.5
15,15,3461,14,1.843520716223331,-0.047291318018530384,0.004045073678127709
16,16,1,1,-0.1711403357518036,-0.09234532843631302,1.0
17,17,1,1,-0.1711403357518036,-0.09234532843631302,1.0
18,18,4,1,-0.16939351981078468,-0.09234532843631302,0.25
19,19,1,1,-0.1711403357518036,-0.09234532843631302,1.0
20,20,1,1,-0.1711403357518036,-0.09234532843631302,1.0
21,21,1,1,-0.1711403357518036,-0.09234532843631302,1.0
22,22,1,1,-0.1711403357518036,-0.09234532843631302,1.0
23,23,1,1,-0.1711403357518036,-0.09234532843631302,1.0
24,24,21887,4704,12.572464225961433,16.206809363473816,0.2149220998766391
25,25,1,1,-0.1711403357518036,-0.09234532843631302,1.0
26,26,2,1,-0.17055806377146396,-0.09234532843631302,0.5
27,27,3,1,-0.16997579179112432,-0.09234532843631302,0.3333333333333333
28,28,1,1,-0.1711403357518036,-0.09234532843631302,1.0
29,29,1,1,-0.1711403357518036,-0.09234532843631302,1.0
30,30,3,2,-0.16997579179112432,-0.0888796353272528,0.6666666666666666
31,31,1,1,-0.1711403357518036,-0.09234532843631302,1.0
32,32,1,1,-0.1711403357518036,-0.09234532843631302,1.0
33,33,2,1,-0.17055806377146396,-0.09234532843631302,0.5
34,34,1,1,-0.1711403357518036,-0.09234532843631302,1.0
35,35,1,1,-0.1711403357518036,-0.09234532843631302,1.0
36,36,1,1,-0.1711403357518036,-0.09234532843631302,1.0
37,37,1,1,-0.1711403357518036,-0.09234532843631302,1.0
38,38,1,1,-0.1711403357518036,-0.09234532843631302,1.0
39,39,2,1,-0.17055806377146396,-0.09234532843631302,0.5
40,40,2,1,-0.17055806377146396,-0.09234532843631302,0.5
41,41,1,1,-0.1711403357518036,-0.09234532843631302,1.0
42,42,1,1,-0.1711403357518036,-0.09234532843631302,1.0
43,43,10,1,-0.16589988792874688,-0.09234532843631302,0.1
44,44,1,1,-0.1711403357518036,-0.09234532843631302,1.0
45,45,1,1,-0.1711403357518036,-0.09234532843631302,1.0
46,46,1,1,-0.1711403357518036,-0.09234532843631302,1.0
47,47,7,3,-0.1676467038697658,-0.08541394221819261,0.42857142857142855
48,48,1,1,-0.1711403357518036,-0.09234532843631302,1.0
49,49,1,1,-0.1711403357518036,-0.09234532843631302,1.0
50,50,2,1,-0.17055806377146396,-0.09234532843631302,0.5
51,51,1,1,-0.1711403357518036,-0.09234532843631302,1.0
52,52,3,1,-0.16997579179112432,-0.09234532843631302,0.3333333333333333
53,53,1,1,-0.1711403357518036,-0.09234532843631302,1.0
54,54,1,1,-0.1711403357518036,-0.09234532843631302,1.0
55,55,7,2,-0.1676467038697658,-0.0888796353272528,0.2857142857142857
56,56,1,1,-0.1711403357518036,-0.09234532843631302,1.0
57,57,1,1,-0.1711403357518036,-0.09234532843631302,1.0
58,58,2,1,-0.17055806377146396,-0.09234532843631302,0.5
59,59,1,1,-0.1711403357518036,-0.09234532843631302,1.0
60,60,1,1,-0.1711403357518036,-0.09234532843631302,1.0
61,61,1,1,-0.1711403357518036,-0.09234532843631302,1.0
62,62,1697,77,0.8163929429042162,0.17104734785226236,0.04537418974661167
63,63,3,1,-0.16997579179112432,-0.09234532843631302,0.3333333333333333
64,64,1,1,-0.1711403357518036,-0.09234532843631302,1.0
65,65,1,1,-0.1711403357518036,-0.09234532843631302,1.0
66,66,1,1,-0.1711403357518036,-0.09234532843631302,1.0
67,67,8,1,-0.16706443188942616,-0.09234532843631302,0.125
68,68,1,1,-0.1711403357518036,-0.09234532843631302,1.0
69,69,1,1,-0.1711403357518036,-0.09234532843631302,1.0
70,70,1,1,-0.1711403357518036,-0.09234532843631302,1.0
71,71,1,1,-0.1711403357518036,-0.09234532843631302,1.0
72,72,1,1,-0.1711403357518036,-0.09234532843631302,1.0
73,73,2,1,-0.17055806377146396,-0.09234532843631302,0.5
74,74,1,1,-0.1711403357518036,-0.09234532843631302,1.0
75,75,1,1,-0.1711403357518036,-0.09234532843631302,1.0
76,76,1,1,-0.1711403357518036,-0.09234532843631302,1.0
77,77,1,1,-0.1711403357518036,-0.09234532843631302,1.0
78,78,6,1,-0.1682289758501054,-0.09234532843631302,0.16666666666666666
79,79,2,1,-0.17055806377146396,-0.09234532843631302,0.5
80,80,1,1,-0.1711403357518036,-0.09234532843631302,1.0
81,81,1,1,-0.1711403357518036,-0.09234532843631302,1.0
82,82,1,1,-0.1711403357518036,-0.09234532843631302,1.0
83,83,4868,561,2.6627773925611966,1.8484428126374002,0.11524239934264585
84,84,2,1,-0.17055806377146396,-0.09234532843631302,0.5
85,85,1,1,-0.1711403357518036,-0.09234532843631302,1.0
86,86,1,1,-0.1711403357518036,-0.09234532843631302,1.0
87,87,1,1,-0.1711403357518036,-0.09234532843631302,1.0
88,88,2,1,-0.17055806377146396,-0.09234532843631302,0.5
89,89,1,1,-0.1711403357518036,-0.09234532843631302,1.0
90,90,1,1,-0.1711403357518036,-0.09234532843631302,1.0
91,91,1,1,-0.1711403357518036,-0.09234532843631302,1.0
92,92,1,1,-0.1711403357518036,-0.09234532843631302,1.0
93,93,1,1,-0.1711403357518036,-0.09234532843631302,1.0
94,94,1,1,-0.1711403357518036,-0.09234532843631302,1.0
95,95,2,1,-0.17055806377146396,-0.09234532843631302,0.5
96,96,1,1,-0.1711403357518036,-0.09234532843631302,1.0
97,97,2,1,-0.17055806377146396,-0.09234532843631302,0.5
98,98,2,1,-0.17055806377146396,-0.09234532843631302,0.5
99,99,1,1,-0.1711403357518036,-0.09234532843631302,1.0
100,100,3,1,-0.16997579179112432,-0.09234532843631302,0.3333333333333333
101,101,3351,390,1.7794707983859712,1.2558092909881056,0.11638316920322292
102,102,1,1,-0.1711403357518036,-0.09234532843631302,1.0
103,103,4,1,-0.16939351981078468,-0.09234532843631302,0.25
104,104,1,1,-0.1711403357518036,-0.09234532843631302,1.0
105,105,1,1,-0.1711403357518036,-0.09234532843631302,1.0
106,106,1,1,-0.1711403357518036,-0.09234532843631302,1.0
107,107,1,1,-0.1711403357518036,-0.09234532843631302,1.0
108,108,7,1,-0.1676467038697658,-0.09234532843631302,0.14285714285714285
109,109,1,1,-0.1711403357518036,-0.09234532843631302,1.0
110,110,1,1,-0.1711403357518036,-0.09234532843631302,1.0
111,111,1,1,-0.1711403357518036,-0.09234532843631302,1.0
112,112,1,1,-0.1711403357518036,-0.09234532843631302,1.0
113,113,3,1,-0.16997579179112432,-0.09234532843631302,0.3333333333333333
114,114,1,1,-0.1711403357518036,-0.09234532843631302,1.0
115,115,1,1,-0.1711403357518036,-0.09234532843631302,1.0
116,116,1,1,-0.1711403357518036,-0.09234532843631302,1.0
117,117,1,1,-0.1711403357518036,-0.09234532843631302,1.0
118,118,1,1,-0.1711403357518036,-0.09234532843631302,1.0
119,119,5,1,-0.16881124783044504,-0.09234532843631302,0.2
120,120,2,3,-0.17055806377146396,-0.08541394221819261,1.5
121,121,1,1,-0.1711403357518036,-0.09234532843631302,1.0
122,122,2,1,-0.17055806377146396,-0.09234532843631302,0.5
123,123,2,2,-0.17055806377146396,-0.0888796353272528,1.0
124,124,1,1,-0.1711403357518036,-0.09234532843631302,1.0
125,125,4,1,-0.16939351981078468,-0.09234532843631302,0.25
126,126,1,2,-0.1711403357518036,-0.0888796353272528,2.0
127,127,1,1,-0.1711403357518036,-0.09234532843631302,1.0
128,128,2,1,-0.17055806377146396,-0.09234532843631302,0.5
129,129,1,1,-0.1711403357518036,-0.09234532843631302,1.0
130,130,2683,465,1.3905131155190955,1.5157362741676208,0.17331345508758852
131,131,2,1,-0.17055806377146396,-0.09234532843631302,0.5
132,132,1,1,-0.1711403357518036,-0.09234532843631302,1.0
133,133,1,1,-0.1711403357518036,-0.09234532843631302,1.0
134,134,1,1,-0.1711403357518036,-0.09234532843631302,1.0
135,135,1,1,-0.1711403357518036,-0.09234532843631302,1.0
136,136,2,1,-0.17055806377146396,-0.09234532843631302,0.5
137,137,2,1,-0.17055806377146396,-0.09234532843631302,0.5
138,138,1,1,-0.1711403357518036,-0.09234532843631302,1.0
139,139,1,1,-0.1711403357518036,-0.09234532843631302,1.0
140,140,1,1,-0.1711403357518036,-0.09234532843631302,1.0
141,141,1,1,-0.1711403357518036,-0.09234532843631302,1.0
142,142,2,1,-0.17055806377146396,-0.09234532843631302,0.5
143,143,1,1,-0.1711403357518036,-0.09234532843631302,1.0
144,144,2,1,-0.17055806377146396,-0.09234532843631302,0.5
145,145,1,1,-0.1711403357518036,-0.09234532843631302,1.0
146,146,1,1,-0.1711403357518036,-0.09234532843631302,1.0
147,147,2,1,-0.17055806377146396,-0.09234532843631302,0.5
148,148,1,1,-0.1711403357518036,-0.09234532843631302,1.0
149,149,1,1,-0.1711403357518036,-0.09234532843631302,1.0
150,150,1,1,-0.1711403357518036,-0.09234532843631302,1.0
151,151,1,1,-0.1711403357518036,-0.09234532843631302,1.0
152,152,1,1,-0.1711403357518036,-0.09234532843631302,1.0
153,153,1,1,-0.1711403357518036,-0.09234532843631302,1.0
154,154,1,1,-0.1711403357518036,-0.09234532843631302,1.0
155,155,1,1,-0.1711403357518036,-0.09234532843631302,1.0
156,156,1,1,-0.1711403357518036,-0.09234532843631302,1.0
157,157,1,1,-0.1711403357518036,-0.09234532843631302,1.0
158,158,1,1,-0.1711403357518036,-0.09234532843631302,1.0
159,159,1,1,-0.1711403357518036,-0.09234532843631302,1.0
160,160,1,1,-0.1711403357518036,-0.09234532843631302,1.0
161,161,1,1,-0.1711403357518036,-0.09234532843631302,1.0
162,162,1,1,-0.1711403357518036,-0.09234532843631302,1.0
163,163,3,1,-0.16997579179112432,-0.09234532843631302,0.3333333333333333
164,164,2,1,-0.17055806377146396,-0.09234532843631302,0.5
165,165,1,1,-0.1711403357518036,-0.09234532843631302,1.0
166,166,1,1,-0.1711403357518036,-0.09234532843631302,1.0
167,167,1,1,-0.1711403357518036,-0.09234532843631302,1.0
168,168,3,1,-0.16997579179112432,-0.09234532843631302,0.3333333333333333
169,169,1,1,-0.1711403357518036,-0.09234532843631302,1.0
170,170,11,2,-0.16531761594840724,-0.0888796353272528,0.18181818181818182
171,171,1,1,-0.1711403357518036,-0.09234532843631302,1.0
172,172,1,1,-0.1711403357518036,-0.09234532843631302,1.0
173,173,1,1,-0.1711403357518036,-0.09234532843631302,1.0
174,174,1,1,-0.1711403357518036,-0.09234532843631302,1.0
175,175,1127,52,0.48449791411062465,0.0844050201257573,0.04614019520851819
176,176,1,1,-0.1711403357518036,-0.09234532843631302,1.0
177,177,1,1,-0.1711403357518036,-0.09234532843631302,1.0
178,178,1,1,-0.1711403357518036,-0.09234532843631302,1.0
179,179,1,1,-0.1711403357518036,-0.09234532843631302,1.0
180,180,2,1,-0.17055806377146396,-0.09234532843631302,0.5
181,181,2,1,-0.17055806377146396,-0.09234532843631302,0.5
182,182,2,4,-0.17055806377146396,-0.08194824910913241,2.0
183,183,1,1,-0.1711403357518036,-0.09234532843631302,1.0
184,184,1,1,-0.1711403357518036,-0.09234532843631302,1.0
185,185,1,1,-0.1711403357518036,-0.09234532843631302,1.0
186,186,1,1,-0.1711403357518036,-0.09234532843631302,1.0
187,187,1,1,-0.1711403357518036,-0.09234532843631302,1.0
188,188,1,1,-0.1711403357518036,-0.09234532843631302,1.0
189,189,3,1,-0.16997579179112432,-0.09234532843631302,0.3333333333333333
190,190,1,1,-0.1711403357518036,-0.09234532843631302,1.0
191,191,1,1,-0.1711403357518036,-0.09234532843631302,1.0
192,192,1,1,-0.1711403357518036,-0.09234532843631302,1.0
193,193,2,1,-0.17055806377146396,-0.09234532843631302,0.5
194,194,1,1,-0.1711403357518036,-0.09234532843631302,1.0
195,195,3,1,-0.16997579179112432,-0.09234532843631302,0.3333333333333333
196,196,1,1,-0.1711403357518036,-0.09234532843631302,1.0
197,197,1,1,-0.1711403357518036,-0.09234532843631302,1.0
198,198,1,1,-0.1711403357518036,-0.09234532843631302,1.0
199,199,2,1,-0.17055806377146396,-0.09234532843631302,0.5
200,200,3,1,-0.16997579179112432,-0.09234532843631302,0.3333333333333333
201,201,1,1,-0.1711403357518036,-0.09234532843631302,1.0
202,202,1,1,-0.1711403357518036,-0.09234532843631302,1.0
203,203,1,1,-0.1711403357518036,-0.09234532843631302,1.0
204,204,11643,1080,6.607670059362218,3.6471375362396454,0.09275959804174182
205,205,1,1,-0.1711403357518036,-0.09234532843631302,1.0
206,206,1,1,-0.1711403357518036,-0.09234532843631302,1.0
207,207,1,1,-0.1711403357518036,-0.09234532843631302,1.0
208,208,1,1,-0.1711403357518036,-0.09234532843631302,1.0
209,209,1,1,-0.1711403357518036,-0.09234532843631302,1.0
210,210,3,1,-0.16997579179112432,-0.09234532843631302,0.3333333333333333
211,211,1,1,-0.1711403357518036,-0.09234532843631302,1.0
212,212,1,1,-0.1711403357518036,-0.09234532843631302,1.0
213,213,2809,288,1.4638793850418894,0.902308593863965,0.10252758988964045
214,214,1,1,-0.1711403357518036,-0.09234532843631302,1.0
215,215,1,1,-0.1711403357518036,-0.09234532843631302,1.0
216,216,1,1,-0.1711403357518036,-0.09234532843631302,1.0
217,217,1,1,-0.1711403357518036,-0.09234532843631302,1.0
218,218,1,1,-0.1711403357518036,-0.09234532843631302,1.0
219,219,1,1,-0.1711403357518036,-0.09234532843631302,1.0
220,220,2,1,-0.17055806377146396,-0.09234532843631302,0.5
221,221,1,1,-0.1711403357518036,-0.09234532843631302,1.0
222,222,2,1,-0.17055806377146396,-0.09234532843631302,0.5
223,223,1,1,-0.1711403357518036,-0.09234532843631302,1.0
224,224,1,1,-0.1711403357518036,-0.09234532843631302,1.0
225,225,1,2,-0.1711403357518036,-0.0888796353272528,2.0
226,226,1,1,-0.1711403357518036,-0.09234532843631302,1.0
227,227,1,1,-0.1711403357518036,-0.09234532843631302,1.0
228,228,1,1,-0.1711403357518036,-0.09234532843631302,1.0
229,229,1330,150,0.6026991261195704,0.4240429448136571,0.11278195488721804
230,230,1,1,-0.1711403357518036,-0.09234532843631302,1.0
231,231,1,1,-0.1711403357518036,-0.09234532843631302,1.0
232,232,1,1,-0.1711403357518036,-0.09234532843631302,1.0
233,233,1,1,-0.1711403357518036,-0.09234532843631302,1.0
234,234,2,1,-0.17055806377146396,-0.09234532843631302,0.5
235,235,1,2,-0.1711403357518036,-0.0888796353272528,2.0
236,236,2,1,-0.17055806377146396,-0.09234532843631302,0.5
237,237,1,1,-0.1711403357518036,-0.09234532843631302,1.0
238,238,2,1,-0.17055806377146396,-0.09234532843631302,0.5
239,239,2,1,-0.17055806377146396,-0.09234532843631302,0.5
240,240,1,1,-0.1711403357518036,-0.09234532843631302,1.0
241,241,2,1,-0.17055806377146396,-0.09234532843631302,0.5
242,242,1,1,-0.1711403357518036,-0.09234532843631302,1.0
243,243,1,1,-0.1711403357518036,-0.09234532843631302,1.0
244,244,2,2,-0.17055806377146396,-0.0888796353272528,1.0
245,245,1,1,-0.1711403357518036,-0.09234532843631302,1.0
246,246,1,1,-0.1711403357518036,-0.09234532843631302,1.0
247,247,1,1,-0.1711403357518036,-0.09234532843631302,1.0
248,248,1,1,-0.1711403357518036,-0.09234532843631302,1.0
249,249,1,1,-0.1711403357518036,-0.09234532843631302,1.0
250,250,1,1,-0.1711403357518036,-0.09234532843631302,1.0
251,251,1,1,-0.1711403357518036,-0.09234532843631302,1.0
252,252,1,1,-0.1711403357518036,-0.09234532843631302,1.0
253,253,1,3,-0.1711403357518036,-0.08541394221819261,3.0
254,254,1,1,-0.1711403357518036,-0.09234532843631302,1.0
255,255,1,1,-0.1711403357518036,-0.09234532843631302,1.0
256,256,1,1,-0.1711403357518036,-0.09234532843631302,1.0
257,257,1,1,-0.1711403357518036,-0.09234532843631302,1.0
258,258,2,1,-0.17055806377146396,-0.09234532843631302,0.5
259,259,3,3,-0.16997579179112432,-0.08541394221819261,1.0
260,260,1,1,-0.1711403357518036,-0.09234532843631302,1.0
261,261,2,1,-0.17055806377146396,-0.09234532843631302,0.5
262,262,2,1,-0.17055806377146396,-0.09234532843631302,0.5
263,263,1,1,-0.1711403357518036,-0.09234532843631302,1.0
264,264,1,1,-0.1711403357518036,-0.09234532843631302,1.0
265,265,1,1,-0.1711403357518036,-0.09234532843631302,1.0
266,266,3,1,-0.16997579179112432,-0.09234532843631302,0.3333333333333333
267,267,1,1,-0.1711403357518036,-0.09234532843631302,1.0
268,268,1,1,-0.1711403357518036,-0.09234532843631302,1.0
269,269,3,1,-0.16997579179112432,-0.09234532843631302,0.3333333333333333
270,270,1,1,-0.1711403357518036,-0.09234532843631302,1.0
271,271,1,1,-0.1711403357518036,-0.09234532843631302,1.0
272,272,1,1,-0.1711403357518036,-0.09234532843631302,1.0
273,273,1,1,-0.1711403357518036,-0.09234532843631302,1.0
274,274,2,1,-0.17055806377146396,-0.09234532843631302,0.5
275,275,10,1,-0.16589988792874688,-0.09234532843631302,0.1
276,276,1,1,-0.1711403357518036,-0.09234532843631302,1.0
277,277,1,1,-0.1711403357518036,-0.09234532843631302,1.0
278,278,1,1,-0.1711403357518036,-0.09234532843631302,1.0
279,279,1,1,-0.1711403357518036,-0.09234532843631302,1.0
280,280,2,1,-0.17055806377146396,-0.09234532843631302,0.5
281,281,1,1,-0.1711403357518036,-0.09234532843631302,1.0
282,282,1,2,-0.1711403357518036,-0.0888796353272528,2.0
283,283,1,1,-0.1711403357518036,-0.09234532843631302,1.0
284,284,1,1,-0.1711403357518036,-0.09234532843631302,1.0
285,285,1,1,-0.1711403357518036,-0.09234532843631302,1.0
286,286,2,1,-0.17055806377146396,-0.09234532843631302,0.5
287,287,1,1,-0.1711403357518036,-0.09234532843631302,1.0
288,288,1,1,-0.1711403357518036,-0.09234532843631302,1.0
289,289,2,1,-0.17055806377146396,-0.09234532843631302,0.5
290,290,1,1,-0.1711403357518036,-0.09234532843631302,1.0
291,291,1,1,-0.1711403357518036,-0.09234532843631302,1.0
292,292,1,1,-0.1711403357518036,-0.09234532843631302,1.0
293,293,1,1,-0.1711403357518036,-0.09234532843631302,1.0
294,294,2,1,-0.17055806377146396,-0.09234532843631302,0.5
295,295,1,1,-0.1711403357518036,-0.09234532843631302,1.0
296,296,1,1,-0.1711403357518036,-0.09234532843631302,1.0
297,297,1,2,-0.1711403357518036,-0.0888796353272528,2.0
298,298,1,1,-0.1711403357518036,-0.09234532843631302,1.0
299,299,1,1,-0.1711403357518036,-0.09234532843631302,1.0
300,300,1,1,-0.1711403357518036,-0.09234532843631302,1.0
301,301,5829,36,3.2223407656675853,0.02895393038079407,0.006176016469377252
302,302,1,1,-0.1711403357518036,-0.09234532843631302,1.0
303,303,1,1,-0.1711403357518036,-0.09234532843631302,1.0
304,304,1,1,-0.1711403357518036,-0.09234532843631302,1.0
305,305,1,1,-0.1711403357518036,-0.09234532843631302,1.0
306,306,1,1,-0.1711403357518036,-0.09234532843631302,1.0
307,307,1,1,-0.1711403357518036,-0.09234532843631302,1.0
308,308,2,1,-0.17055806377146396,-0.09234532843631302,0.5
309,309,1,1,-0.1711403357518036,-0.09234532843631302,1.0
310,310,3,3,-0.16997579179112432,-0.08541394221819261,1.0
311,311,1,1,-0.1711403357518036,-0.09234532843631302,1.0
312,312,4376,717,2.376299578234096,2.3890909376507916,0.16384826325411334
313,313,1,1,-0.1711403357518036,-0.09234532843631302,1.0
314,314,1,1,-0.1711403357518036,-0.09234532843631302,1.0
315,315,1,1,-0.1711403357518036,-0.09234532843631302,1.0
316,316,1,1,-0.1711403357518036,-0.09234532843631302,1.0
317,317,1,1,-0.1711403357518036,-0.09234532843631302,1.0
318,318,1,1,-0.1711403357518036,-0.09234532843631302,1.0
319,319,1,1,-0.1711403357518036,-0.09234532843631302,1.0
320,320,1,1,-0.1711403357518036,-0.09234532843631302,1.0
321,321,1,1,-0.1711403357518036,-0.09234532843631302,1.0
322,322,2,2,-0.17055806377146396,-0.0888796353272528,1.0
323,323,1,1,-0.1711403357518036,-0.09234532843631302,1.0
324,324,1,1,-0.1711403357518036,-0.09234532843631302,1.0
325,325,1,1,-0.1711403357518036,-0.09234532843631302,1.0
326,326,1,1,-0.1711403357518036,-0.09234532843631302,1.0
327,327,2,1,-0.17055806377146396,-0.09234532843631302,0.5
328,328,1,1,-0.1711403357518036,-0.09234532843631302,1.0
329,329,1,1,-0.1711403357518036,-0.09234532843631302,1.0
330,330,1,1,-0.1711403357518036,-0.09234532843631302,1.0
331,331,1,1,-0.1711403357518036,-0.09234532843631302,1.0
332,332,1,1,-0.1711403357518036,-0.09234532843631302,1.0
333,333,5974,215,3.306770202816832,0.6493129969025703,0.03598928690994309
334,334,1,1,-0.1711403357518036,-0.09234532843631302,1.0
335,335,3,1,-0.16997579179112432,-0.09234532843631302,0.3333333333333333
336,336,1,1,-0.1711403357518036,-0.09234532843631302,1.0
337,337,503,14,0.12116019837869282,-0.047291318018530384,0.027833001988071572
338,338,4,1,-0.16939351981078468,-0.09234532843631302,0.25
339,339,2,3,-0.17055806377146396,-0.08541394221819261,1.5
340,340,1,1,-0.1711403357518036,-0.09234532843631302,1.0
341,341,2,1,-0.17055806377146396,-0.09234532843631302,0.5
342,342,1,1,-0.1711403357518036,-0.09234532843631302,1.0
343,343,1,1,-0.1711403357518036,-0.09234532843631302,1.0
344,344,1,1,-0.1711403357518036,-0.09234532843631302,1.0
345,345,1,1,-0.1711403357518036,-0.09234532843631302,1.0
346,346,1,1,-0.1711403357518036,-0.09234532843631302,1.0
347,347,1,1,-0.1711403357518036,-0.09234532843631302,1.0
348,348,1,1,-0.1711403357518036,-0.09234532843631302,1.0
349,349,1,1,-0.1711403357518036,-0.09234532843631302,1.0
350,350,1,1,-0.1711403357518036,-0.09234532843631302,1.0
351,351,1,1,-0.1711403357518036,-0.09234532843631302,1.0
352,352,1,1,-0.1711403357518036,-0.09234532843631302,1.0
353,353,1,1,-0.1711403357518036,-0.09234532843631302,1.0
354,354,1,1,-0.1711403357518036,-0.09234532843631302,1.0
355,355,1,1,-0.1711403357518036,-0.09234532843631302,1.0
356,356,1,1,-0.1711403357518036,-0.09234532843631302,1.0
357,357,1,1,-0.1711403357518036,-0.09234532843631302,1.0
358,358,1106,43,0.47227020252349233,0.05321378214421549,0.03887884267631103
359,359,1,2,-0.1711403357518036,-0.0888796353272528,2.0
360,360,1,1,-0.1711403357518036,-0.09234532843631302,1.0
361,361,1,1,-0.1711403357518036,-0.09234532843631302,1.0
362,362,2,1,-0.17055806377146396,-0.09234532843631302,0.5
363,363,2,1,-0.17055806377146396,-0.09234532843631302,0.5
364,364,1,1,-0.1711403357518036,-0.09234532843631302,1.0
365,365,2,1,-0.17055806377146396,-0.09234532843631302,0.5
366,366,1,1,-0.1711403357518036,-0.09234532843631302,1.0
367,367,1,1,-0.1711403357518036,-0.09234532843631302,1.0
368,368,2,1,-0.17055806377146396,-0.09234532843631302,0.5
369,369,1,1,-0.1711403357518036,-0.09234532843631302,1.0
370,370,1,1,-0.1711403357518036,-0.09234532843631302,1.0
371,371,1,1,-0.1711403357518036,-0.09234532843631302,1.0
372,372,1,1,-0.1711403357518036,-0.09234532843631302,1.0
373,373,1,1,-0.1711403357518036,-0.09234532843631302,1.0
374,374,1,1,-0.1711403357518036,-0.09234532843631302,1.0
375,375,1,1,-0.1711403357518036,-0.09234532843631302,1.0
376,376,1,1,-0.1711403357518036,-0.09234532843631302,1.0
377,377,1,1,-0.1711403357518036,-0.09234532843631302,1.0
378,378,1,1,-0.1711403357518036,-0.09234532843631302,1.0
379,379,1,1,-0.1711403357518036,-0.09234532843631302,1.0
380,380,1,1,-0.1711403357518036,-0.09234532843631302,1.0
381,381,1,1,-0.1711403357518036,-0.09234532843631302,1.0
382,382,1,1,-0.1711403357518036,-0.09234532843631302,1.0
383,383,1,1,-0.1711403357518036,-0.09234532843631302,1.0
384,384,1,1,-0.1711403357518036,-0.09234532843631302,1.0
385,385,3,1,-0.16997579179112432,-0.09234532843631302,0.3333333333333333
386,386,1,1,-0.1711403357518036,-0.09234532843631302,1.0
387,387,2,1,-0.17055806377146396,-0.09234532843631302,0.5
388,388,1,1,-0.1711403357518036,-0.09234532843631302,1.0
389,389,1,1,-0.1711403357518036,-0.09234532843631302,1.0
390,390,4324,335,2.3460214352564353,1.0651961699897945,0.0774745605920444
391,391,1,1,-0.1711403357518036,-0.09234532843631302,1.0
392,392,1,1,-0.1711403357518036,-0.09234532843631302,1.0
393,393,1,1,-0.1711403357518036,-0.09234532843631302,1.0
394,394,1,1,-0.1711403357518036,-0.09234532843631302,1.0
395,395,1,1,-0.1711403357518036,-0.09234532843631302,1.0
396,396,1,1,-0.1711403357518036,-0.09234532843631302,1.0
397,397,1,1,-0.1711403357518036,-0.09234532843631302,1.0
398,398,1,1,-0.1711403357518036,-0.09234532843631302,1.0
399,399,1,1,-0.1711403357518036,-0.09234532843631302,1.0
400,400,1,2,-0.1711403357518036,-0.0888796353272528,2.0
401,401,1,1,-0.1711403357518036,-0.09234532843631302,1.0
402,402,1,1,-0.1711403357518036,-0.09234532843631302,1.0
403,403,1,1,-0.1711403357518036,-0.09234532843631302,1.0
404,404,3975,80,2.142808514117903,0.18144442717944298,0.02012578616352201
405,405,2,1,-0.17055806377146396,-0.09234532843631302,0.5
406,406,1,1,-0.1711403357518036,-0.09234532843631302,1.0
407,407,1,1,-0.1711403357518036,-0.09234532843631302,1.0
408,408,2,1,-0.17055806377146396,-0.09234532843631302,0.5
409,409,1,1,-0.1711403357518036,-0.09234532843631302,1.0
410,410,1,1,-0.1711403357518036,-0.09234532843631302,1.0
411,411,1,1,-0.1711403357518036,-0.09234532843631302,1.0
412,412,1,1,-0.1711403357518036,-0.09234532843631302,1.0
413,413,1,1,-0.1711403357518036,-0.09234532843631302,1.0
414,414,1,1,-0.1711403357518036,-0.09234532843631302,1.0
415,415,1,1,-0.1711403357518036,-0.09234532843631302,1.0
416,416,1,1,-0.1711403357518036,-0.09234532843631302,1.0
417,417,1,1,-0.1711403357518036,-0.09234532843631302,1.0
418,418,1,1,-0.1711403357518036,-0.09234532843631302,1.0
419,419,1,1,-0.1711403357518036,-0.09234532843631302,1.0
420,420,1,1,-0.1711403357518036,-0.09234532843631302,1.0
421,421,1504,51,0.7040144506986667,0.08093932701669711,0.0339095744680851
422,422,1,1,-0.1711403357518036,-0.09234532843631302,1.0
423,423,1,1,-0.1711403357518036,-0.09234532843631302,1.0
424,424,1,1,-0.1711403357518036,-0.09234532843631302,1.0
425,425,1,2,-0.1711403357518036,-0.0888796353272528,2.0
426,426,1,1,-0.1711403357518036,-0.09234532843631302,1.0
427,427,1,1,-0.1711403357518036,-0.09234532843631302,1.0
428,428,1,1,-0.1711403357518036,-0.09234532843631302,1.0
429,429,1,1,-0.1711403357518036,-0.09234532843631302,1.0
430,430,1,1,-0.1711403357518036,-0.09234532843631302,1.0
431,431,1,1,-0.1711403357518036,-0.09234532843631302,1.0
432,432,1,1,-0.1711403357518036,-0.09234532843631302,1.0
433,433,1,1,-0.1711403357518036,-0.09234532843631302,1.0
434,434,2,1,-0.17055806377146396,-0.09234532843631302,0.5
435,435,1,1,-0.1711403357518036,-0.09234532843631302,1.0
436,436,1,1,-0.1711403357518036,-0.09234532843631302,1.0
437,437,1,1,-0.1711403357518036,-0.09234532843631302,1.0
438,438,1,1,-0.1711403357518036,-0.09234532843631302,1.0
439,439,1,1,-0.1711403357518036,-0.09234532843631302,1.0
440,440,1,1,-0.1711403357518036,-0.09234532843631302,1.0
441,441,1,1,-0.1711403357518036,-0.09234532843631302,1.0
442,442,1,1,-0.1711403357518036,-0.09234532843631302,1.0
443,443,1,1,-0.1711403357518036,-0.09234532843631302,1.0
444,444,4,2,-0.16939351981078468,-0.0888796353272528,0.5
445,445,1,4,-0.1711403357518036,-0.08194824910913241,4.0
446,446,1,1,-0.1711403357518036,-0.09234532843631302,1.0
447,447,1,1,-0.1711403357518036,-0.09234532843631302,1.0
448,448,1,1,-0.1711403357518036,-0.09234532843631302,1.0
449,449,1,1,-0.1711403357518036,-0.09234532843631302,1.0
450,450,1,1,-0.1711403357518036,-0.09234532843631302,1.0
451,451,1,1,-0.1711403357518036,-0.09234532843631302,1.0
452,452,1,1,-0.1711403357518036,-0.09234532843631302,1.0
453,453,1,1,-0.1711403357518036,-0.09234532843631302,1.0
454,454,1,1,-0.1711403357518036,-0.09234532843631302,1.0
455,455,1,1,-0.1711403357518036,-0.09234532843631302,1.0
456,456,1,1,-0.1711403357518036,-0.09234532843631302,1.0
457,457,1,1,-0.1711403357518036,-0.09234532843631302,1.0
458,458,693,297,0.23179187464322334,0.9334998318455068,0.42857142857142855
459,459,1,1,-0.1711403357518036,-0.09234532843631302,1.0
460,460,1,1,-0.1711403357518036,-0.09234532843631302,1.0
461,461,1,1,-0.1711403357518036,-0.09234532843631302,1.0
462,462,1,1,-0.1711403357518036,-0.09234532843631302,1.0
463,463,1,1,-0.1711403357518036,-0.09234532843631302,1.0
464,464,1,1,-0.1711403357518036,-0.09234532843631302,1.0
465,465,1,1,-0.1711403357518036,-0.09234532843631302,1.0
466,466,2,1,-0.17055806377146396,-0.09234532843631302,0.5
467,467,1,1,-0.1711403357518036,-0.09234532843631302,1.0
468,468,1,1,-0.1711403357518036,-0.09234532843631302,1.0
469,469,1,1,-0.1711403357518036,-0.09234532843631302,1.0
470,470,1,1,-0.1711403357518036,-0.09234532843631302,1.0
471,471,1,1,-0.1711403357518036,-0.09234532843631302,1.0
472,472,1,1,-0.1711403357518036,-0.09234532843631302,1.0
473,473,1,1,-0.1711403357518036,-0.09234532843631302,1.0
474,474,1,1,-0.1711403357518036,-0.09234532843631302,1.0
475,475,1,1,-0.1711403357518036,-0.09234532843631302,1.0
476,476,1,1,-0.1711403357518036,-0.09234532843631302,1.0
477,477,1,1,-0.1711403357518036,-0.09234532843631302,1.0
478,478,1,1,-0.1711403357518036,-0.09234532843631302,1.0
479,479,1,1,-0.1711403357518036,-0.09234532843631302,1.0
480,480,2,2,-0.17055806377146396,-0.0888796353272528,1.0
481,481,1,1,-0.1711403357518036,-0.09234532843631302,1.0
482,482,4493,290,2.444425399933834,0.9092399800820854,0.06454484754061875
483,483,1,1,-0.1711403357518036,-0.09234532843631302,1.0
484,484,1,1,-0.1711403357518036,-0.09234532843631302,1.0
485,485,1,1,-0.1711403357518036,-0.09234532843631302,1.0
486,486,1,1,-0.1711403357518036,-0.09234532843631302,1.0
487,487,1,1,-0.1711403357518036,-0.09234532843631302,1.0
488,488,1,1,-0.1711403357518036,-0.09234532843631302,1.0
489,489,1,2,-0.1711403357518036,-0.0888796353272528,2.0
490,490,1,1,-0.1711403357518036,-0.09234532843631302,1.0
491,491,1,1,-0.1711403357518036,-0.09234532843631302,1.0
492,492,1508,199,0.7063435386200253,0.593861907157607,0.1319628647214854
493,493,1463,73,0.6801412995047418,0.15718457541602154,0.04989747095010253
494,494,1,1,-0.1711403357518036,-0.09234532843631302,1.0
495,495,1,1,-0.1711403357518036,-0.09234532843631302,1.0
496,496,1,1,-0.1711403357518036,-0.09234532843631302,1.0
497,497,1,1,-0.1711403357518036,-0.09234532843631302,1.0
498,498,1,1,-0.1711403357518036,-0.09234532843631302,1.0
499,499,259,31,-0.020914164824177944,0.011625464835493057,0.11969111969111969
500,500,1,1,-0.1711403357518036,-0.09234532843631302,1.0
501,501,1,1,-0.1711403357518036,-0.09234532843631302,1.0
502,502,1,1,-0.1711403357518036,-0.09234532843631302,1.0
503,503,1,1,-0.1711403357518036,-0.09234532843631302,1.0
504,504,1,1,-0.1711403357518036,-0.09234532843631302,1.0
505,505,1,1,-0.1711403357518036,-0.09234532843631302,1.0
506,506,1,1,-0.1711403357518036,-0.09234532843631302,1.0
507,507,1,1,-0.1711403357518036,-0.09234532843631302,1.0
508,508,1,1,-0.1711403357518036,-0.09234532843631302,1.0
509,509,1,1,-0.1711403357518036,-0.09234532843631302,1.0
510,510,1,1,-0.1711403357518036,-0.09234532843631302,1.0
511,511,1,1,-0.1711403357518036,-0.09234532843631302,1.0
512,512,1,1,-0.1711403357518036,-0.09234532843631302,1.0
513,513,1,1,-0.1711403357518036,-0.09234532843631302,1.0
514,514,1,1,-0.1711403357518036,-0.09234532843631302,1.0
515,515,1,1,-0.1711403357518036,-0.09234532843631302,1.0
516,516,1,1,-0.1711403357518036,-0.09234532843631302,1.0
517,517,1,1,-0.1711403357518036,-0.09234532843631302,1.0
518,518,3569,34,1.9064060901000115,0.022022544162673664,0.009526478005043429
519,519,1,1,-0.1711403357518036,-0.09234532843631302,1.0
520,520,2,1,-0.17055806377146396,-0.09234532843631302,0.5
521,521,1,1,-0.1711403357518036,-0.09234532843631302,1.0
522,522,1,1,-0.1711403357518036,-0.09234532843631302,1.0
523,523,1,1,-0.1711403357518036,-0.09234532843631302,1.0
524,524,1,1,-0.1711403357518036,-0.09234532843631302,1.0
525,525,1,1,-0.1711403357518036,-0.09234532843631302,1.0
526,526,1,1,-0.1711403357518036,-0.09234532843631302,1.0
527,527,1,1,-0.1711403357518036,-0.09234532843631302,1.0
528,528,1,1,-0.1711403357518036,-0.09234532843631302,1.0
529,529,2877,86,1.5034738797049845,0.2022385858338042,0.029892248870351062
530,530,1184,19,0.5176874169899838,-0.029962852473229374,0.016047297297297296
531,531,1,1,-0.1711403357518036,-0.09234532843631302,1.0
532,532,1,1,-0.1711403357518036,-0.09234532843631302,1.0
533,533,1,1,-0.1711403357518036,-0.09234532843631302,1.0
534,534,1,1,-0.1711403357518036,-0.09234532843631302,1.0
535,535,2,1,-0.17055806377146396,-0.09234532843631302,0.5
536,536,1,1,-0.1711403357518036,-0.09234532843631302,1.0
537,537,2,1,-0.17055806377146396,-0.09234532843631302,0.5
538,538,1,1,-0.1711403357518036,-0.09234532843631302,1.0
539,539,2,1,-0.17055806377146396,-0.09234532843631302,0.5
540,540,3904,190,2.101467203513789,0.5626706691760652,0.048668032786885244
541,541,6,1,-0.1682289758501054,-0.09234532843631302,0.16666666666666666
542,542,7051,367,3.9338771256426184,1.176098349479721,0.052049354701460784
543,543,2,1,-0.17055806377146396,-0.09234532843631302,0.5
544,544,2,1,-0.17055806377146396,-0.09234532843631302,0.5
545,545,3,1,-0.16997579179112432,-0.09234532843631302,0.3333333333333333
546,546,1,2,-0.1711403357518036,-0.0888796353272528,2.0
547,547,1,1,-0.1711403357518036,-0.09234532843631302,1.0
548,548,1,1,-0.1711403357518036,-0.09234532843631302,1.0
549,549,1,1,-0.1711403357518036,-0.09234532843631302,1.0
550,550,22209,1640,12.759955803630795,5.5879256773133585,0.07384393714259985
551,551,1280,67,0.5735855271025887,0.13639041676166033,0.05234375
552,552,3,1,-0.16997579179112432,-0.09234532843631302,0.3333333333333333
553,553,624,65,0.19161510799978856,0.12945903054353994,0.10416666666666667
554,554,6,1,-0.1682289758501054,-0.09234532843631302,0.16666666666666666
555,555,1,1,-0.1711403357518036,-0.09234532843631302,1.0
556,556,3,1,-0.16997579179112432,-0.09234532843631302,0.3333333333333333
557,557,1,1,-0.1711403357518036,-0.09234532843631302,1.0
558,558,1,1,-0.1711403357518036,-0.09234532843631302,1.0
559,559,2,1,-0.17055806377146396,-0.09234532843631302,0.5
560,560,1,1,-0.1711403357518036,-0.09234532843631302,1.0
561,561,1,1,-0.1711403357518036,-0.09234532843631302,1.0
562,562,1,1,-0.1711403357518036,-0.09234532843631302,1.0
563,563,2,1,-0.17055806377146396,-0.09234532843631302,0.5
564,564,8,1,-0.16706443188942616,-0.09234532843631302,0.125
565,565,1,1,-0.1711403357518036,-0.09234532843631302,1.0
566,566,1,1,-0.1711403357518036,-0.09234532843631302,1.0
567,567,1,1,-0.1711403357518036,-0.09234532843631302,1.0
568,568,2,1,-0.17055806377146396,-0.09234532843631302,0.5
569,569,1,1,-0.1711403357518036,-0.09234532843631302,1.0
570,570,1,1,-0.1711403357518036,-0.09234532843631302,1.0
571,571,1,1,-0.1711403357518036,-0.09234532843631302,1.0
572,572,1,1,-0.1711403357518036,-0.09234532843631302,1.0
573,573,1,1,-0.1711403357518036,-0.09234532843631302,1.0
574,574,4,1,-0.16939351981078468,-0.09234532843631302,0.25
575,575,4,1,-0.16939351981078468,-0.09234532843631302,0.25
576,576,1,1,-0.1711403357518036,-0.09234532843631302,1.0
577,577,2,1,-0.17055806377146396,-0.09234532843631302,0.5
578,578,1,1,-0.1711403357518036,-0.09234532843631302,1.0
579,579,1,1,-0.1711403357518036,-0.09234532843631302,1.0
580,580,1,1,-0.1711403357518036,-0.09234532843631302,1.0
581,581,1,1,-0.1711403357518036,-0.09234532843631302,1.0
582,582,2,1,-0.17055806377146396,-0.09234532843631302,0.5
583,583,1,1,-0.1711403357518036,-0.09234532843631302,1.0
584,584,2,1,-0.17055806377146396,-0.09234532843631302,0.5
585,585,1,1,-0.1711403357518036,-0.09234532843631302,1.0
586,586,1,1,-0.1711403357518036,-0.09234532843631302,1.0
587,587,2,1,-0.17055806377146396,-0.09234532843631302,0.5
588,588,1,1,-0.1711403357518036,-0.09234532843631302,1.0
589,589,1,1,-0.1711403357518036,-0.09234532843631302,1.0
590,590,1,1,-0.1711403357518036,-0.09234532843631302,1.0
591,591,2,1,-0.17055806377146396,-0.09234532843631302,0.5
592,592,1,1,-0.1711403357518036,-0.09234532843631302,1.0
593,593,6412,102,3.561805330205592,0.25768967557876743,0.015907673112913287
594,594,4,1,-0.16939351981078468,-0.09234532843631302,0.25
595,595,1,1,-0.1711403357518036,-0.09234532843631302,1.0
596,596,1,1,-0.1711403357518036,-0.09234532843631302,1.0
597,597,1,1,-0.1711403357518036,-0.09234532843631302,1.0
598,598,1,1,-0.1711403357518036,-0.09234532843631302,1.0
599,599,2,1,-0.17055806377146396,-0.09234532843631302,0.5
600,600,2,1,-0.17055806377146396,-0.09234532843631302,0.5
601,601,1,1,-0.1711403357518036,-0.09234532843631302,1.0
602,602,1029,65,0.4274352600373405,0.12945903054353994,0.06316812439261418
603,603,2,1,-0.17055806377146396,-0.09234532843631302,0.5
604,604,2,1,-0.17055806377146396,-0.09234532843631302,0.5
605,605,14092,2578,8.033654139213983,8.83874581361183,0.18294067556060176
606,606,3,1,-0.16997579179112432,-0.09234532843631302,0.3333333333333333
607,607,1,1,-0.1711403357518036,-0.09234532843631302,1.0
608,608,1,1,-0.1711403357518036,-0.09234532843631302,1.0
609,609,2,1,-0.17055806377146396,-0.09234532843631302,0.5
610,610,1,1,-0.1711403357518036,-0.09234532843631302,1.0
611,611,1,1,-0.1711403357518036,-0.09234532843631302,1.0
612,612,1,1,-0.1711403357518036,-0.09234532843631302,1.0
613,613,4,1,-0.16939351981078468,-0.09234532843631302,0.25
614,614,1,1,-0.1711403357518036,-0.09234532843631302,1.0
615,615,1,1,-0.1711403357518036,-0.09234532843631302,1.0
616,616,1,1,-0.1711403357518036,-0.09234532843631302,1.0
617,617,4,1,-0.16939351981078468,-0.09234532843631302,0.25
618,618,2,1,-0.17055806377146396,-0.09234532843631302,0.5
619,619,1,1,-0.1711403357518036,-0.09234532843631302,1.0
620,620,2,1,-0.17055806377146396,-0.09234532843631302,0.5
621,621,1,1,-0.1711403357518036,-0.09234532843631302,1.0
622,622,1,1,-0.1711403357518036,-0.09234532843631302,1.0
623,623,21031,7543,12.074039410790705,26.045912100095734,0.35866102420236795
624,624,21004,324,12.058318067321537,1.0270735457901323,0.015425633212721387
625,625,1,1,-0.1711403357518036,-0.09234532843631302,1.0
626,626,1,1,-0.1711403357518036,-0.09234532843631302,1.0
627,627,1,1,-0.1711403357518036,-0.09234532843631302,1.0
628,628,1,1,-0.1711403357518036,-0.09234532843631302,1.0
629,629,1,1,-0.1711403357518036,-0.09234532843631302,1.0
630,630,1,1,-0.1711403357518036,-0.09234532843631302,1.0
631,631,1,1,-0.1711403357518036,-0.09234532843631302,1.0
632,632,3,5,-0.16997579179112432,-0.0784825560000722,1.6666666666666667
633,633,1,1,-0.1711403357518036,-0.09234532843631302,1.0
634,634,1,1,-0.1711403357518036,-0.09234532843631302,1.0
635,635,707,47,0.23994368236797822,0.06707655458045629,0.06647807637906648
636,636,1,1,-0.1711403357518036,-0.09234532843631302,1.0
637,637,3,1,-0.16997579179112432,-0.09234532843631302,0.3333333333333333
638,638,1,1,-0.1711403357518036,-0.09234532843631302,1.0
639,639,4639,131,2.5294371090634202,0.3581947757415133,0.02823884457857297
640,640,1,1,-0.1711403357518036,-0.09234532843631302,1.0
641,641,2,1,-0.17055806377146396,-0.09234532843631302,0.5
642,642,1,1,-0.1711403357518036,-0.09234532843631302,1.0
643,643,1,1,-0.1711403357518036,-0.09234532843631302,1.0
644,644,632,26,0.19627328384250564,-0.005703000709807956,0.04113924050632911
645,645,1,1,-0.1711403357518036,-0.09234532843631302,1.0
646,646,1,1,-0.1711403357518036,-0.09234532843631302,1.0
647,647,5,1,-0.16881124783044504,-0.09234532843631302,0.2
648,648,2,1,-0.17055806377146396,-0.09234532843631302,0.5
649,649,2,1,-0.17055806377146396,-0.09234532843631302,0.5
650,650,1,1,-0.1711403357518036,-0.09234532843631302,1.0
651,651,4,1,-0.16939351981078468,-0.09234532843631302,0.25
652,652,1,1,-0.1711403357518036,-0.09234532843631302,1.0
653,653,1,1,-0.1711403357518036,-0.09234532843631302,1.0
654,654,2,1,-0.17055806377146396,-0.09234532843631302,0.5
655,655,1,1,-0.1711403357518036,-0.09234532843631302,1.0
656,656,1,1,-0.1711403357518036,-0.09234532843631302,1.0
657,657,1,1,-0.1711403357518036,-0.09234532843631302,1.0
658,658,1,1,-0.1711403357518036,-0.09234532843631302,1.0
659,659,2,1,-0.17055806377146396,-0.09234532843631302,0.5
660,660,1,1,-0.1711403357518036,-0.09234532843631302,1.0
661,661,1,1,-0.1711403357518036,-0.09234532843631302,1.0
662,662,1,1,-0.1711403357518036,-0.09234532843631302,1.0
663,663,1,1,-0.1711403357518036,-0.09234532843631302,1.0
664,664,1,1,-0.1711403357518036,-0.09234532843631302,1.0
665,665,1005,39,0.41346073250918924,0.03935100970797468,0.03880597014925373
666,666,2,1,-0.17055806377146396,-0.09234532843631302,0.5
667,667,1,1,-0.1711403357518036,-0.09234532843631302,1.0
668,668,1,1,-0.1711403357518036,-0.09234532843631302,1.0
669,669,3,1,-0.16997579179112432,-0.09234532843631302,0.3333333333333333
670,670,1,1,-0.1711403357518036,-0.09234532843631302,1.0
671,671,1,1,-0.1711403357518036,-0.09234532843631302,1.0
672,672,2,1,-0.17055806377146396,-0.09234532843631302,0.5
673,673,1,1,-0.1711403357518036,-0.09234532843631302,1.0
674,674,1,1,-0.1711403357518036,-0.09234532843631302,1.0
675,675,1,1,-0.1711403357518036,-0.09234532843631302,1.0
676,676,4,1,-0.16939351981078468,-0.09234532843631302,0.25
677,677,1,1,-0.1711403357518036,-0.09234532843631302,1.0
678,678,1431,155,0.6615085961338735,0.44137141035895816,0.10831586303284417
679,679,2,1,-0.17055806377146396,-0.09234532843631302,0.5
680,680,2,1,-0.17055806377146396,-0.09234532843631302,0.5
681,681,1,1,-0.1711403357518036,-0.09234532843631302,1.0
682,682,1,1,-0.1711403357518036,-0.09234532843631302,1.0
683,683,4280,273,2.3204014681214913,0.850323197228062,0.06378504672897196
684,684,1,1,-0.1711403357518036,-0.09234532843631302,1.0
685,685,1,1,-0.1711403357518036,-0.09234532843631302,1.0
686,686,1,1,-0.1711403357518036,-0.09234532843631302,1.0
687,687,1,1,-0.1711403357518036,-0.09234532843631302,1.0
688,688,1,1,-0.1711403357518036,-0.09234532843631302,1.0
689,689,1,1,-0.1711403357518036,-0.09234532843631302,1.0
690,690,1,1,-0.1711403357518036,-0.09234532843631302,1.0
691,691,1,1,-0.1711403357518036,-0.09234532843631302,1.0
692,692,2,1,-0.17055806377146396,-0.09234532843631302,0.5
693,693,1,1,-0.1711403357518036,-0.09234532843631302,1.0
694,694,1,1,-0.1711403357518036,-0.09234532843631302,1.0
695,695,1,1,-0.1711403357518036,-0.09234532843631302,1.0
696,696,2,1,-0.17055806377146396,-0.09234532843631302,0.5
697,697,2,1,-0.17055806377146396,-0.09234532843631302,0.5
698,698,4344,20,2.357666874863228,-0.02649715936416917,0.004604051565377533
699,699,1,1,-0.1711403357518036,-0.09234532843631302,1.0
700,700,21,1,-0.1594948961450109,-0.09234532843631302,0.047619047619047616
701,701,1,1,-0.1711403357518036,-0.09234532843631302,1.0
702,702,1,1,-0.1711403357518036,-0.09234532843631302,1.0
703,703,3,1,-0.16997579179112432,-0.09234532843631302,0.3333333333333333
704,704,1,1,-0.1711403357518036,-0.09234532843631302,1.0
705,705,2,1,-0.17055806377146396,-0.09234532843631302,0.5
706,706,2,1,-0.17055806377146396,-0.09234532843631302,0.5
707,707,1037,75,0.43209343588005755,0.16411596163414197,0.07232401157184185
708,708,1,1,-0.1711403357518036,-0.09234532843631302,1.0
709,709,2,1,-0.17055806377146396,-0.09234532843631302,0.5
710,710,1382,57,0.6329772690972314,0.10173348567105832,0.04124457308248915
711,711,1,1,-0.1711403357518036,-0.09234532843631302,1.0
712,712,3,1,-0.16997579179112432,-0.09234532843631302,0.3333333333333333
713,713,1,1,-0.1711403357518036,-0.09234532843631302,1.0
714,714,1,1,-0.1711403357518036,-0.09234532843631302,1.0
715,715,1,1,-0.1711403357518036,-0.09234532843631302,1.0
716,716,1,1,-0.1711403357518036,-0.09234532843631302,1.0
717,717,1,1,-0.1711403357518036,-0.09234532843631302,1.0
718,718,1,1,-0.1711403357518036,-0.09234532843631302,1.0
719,719,3,1,-0.16997579179112432,-0.09234532843631302,0.3333333333333333
720,720,1,1,-0.1711403357518036,-0.09234532843631302,1.0
721,721,1,1,-0.1711403357518036,-0.09234532843631302,1.0
722,722,7807,128,4.374074742779382,0.34779769641433267,0.016395542461893172
723,723,1,1,-0.1711403357518036,-0.09234532843631302,1.0
724,724,3,1,-0.16997579179112432,-0.09234532843631302,0.3333333333333333
725,725,2544,80,1.3095773102518864,0.18144442717944298,0.031446540880503145
726,726,1,1,-0.1711403357518036,-0.09234532843631302,1.0
727,727,1,1,-0.1711403357518036,-0.09234532843631302,1.0
728,728,784,14,0.2847786248541301,-0.047291318018530384,0.017857142857142856
729,729,6,1,-0.1682289758501054,-0.09234532843631302,0.16666666666666666
730,730,2,1,-0.17055806377146396,-0.09234532843631302,0.5
731,731,2,1,-0.17055806377146396,-0.09234532843631302,0.5
732,732,5,3,-0.16881124783044504,-0.08541394221819261,0.6
733,733,1,1,-0.1711403357518036,-0.09234532843631302,1.0
734,734,2,1,-0.17055806377146396,-0.09234532843631302,0.5
735,735,1,1,-0.1711403357518036,-0.09234532843631302,1.0
736,736,1,1,-0.1711403357518036,-0.09234532843631302,1.0
737,737,1,1,-0.1711403357518036,-0.09234532843631302,1.0
738,738,2,1,-0.17055806377146396,-0.09234532843631302,0.5
739,739,1,1,-0.1711403357518036,-0.09234532843631302,1.0
740,740,1,1,-0.1711403357518036,-0.09234532843631302,1.0
741,741,1443,86,0.6684958598979491,0.2022385858338042,0.0595980595980596
742,742,1,1,-0.1711403357518036,-0.09234532843631302,1.0
743,743,1,1,-0.1711403357518036,-0.09234532843631302,1.0
744,744,1,1,-0.1711403357518036,-0.09234532843631302,1.0
745,745,1,1,-0.1711403357518036,-0.09234532843631302,1.0
746,746,3,1,-0.16997579179112432,-0.09234532843631302,0.3333333333333333
747,747,3,1,-0.16997579179112432,-0.09234532843631302,0.3333333333333333
748,748,1415,69,0.6521922444484394,0.14332180297978075,0.04876325088339223
749,749,15,1,-0.16298852802704872,-0.09234532843631302,0.06666666666666667
750,750,1,1,-0.1711403357518036,-0.09234532843631302,1.0
751,751,1,1,-0.1711403357518036,-0.09234532843631302,1.0
752,752,1,1,-0.1711403357518036,-0.09234532843631302,1.0
753,753,2,1,-0.17055806377146396,-0.09234532843631302,0.5
754,754,1,1,-0.1711403357518036,-0.09234532843631302,1.0
755,755,1,1,-0.1711403357518036,-0.09234532843631302,1.0
756,756,1,1,-0.1711403357518036,-0.09234532843631302,1.0
757,757,6,1,-0.1682289758501054,-0.09234532843631302,0.16666666666666666
758,758,2279,35,1.1552752354618834,0.025488237271733865,0.015357612988152698
759,759,1,1,-0.1711403357518036,-0.09234532843631302,1.0
760,760,1,1,-0.1711403357518036,-0.09234532843631302,1.0
761,761,1,1,-0.1711403357518036,-0.09234532843631302,1.0
762,762,1,1,-0.1711403357518036,-0.09234532843631302,1.0
763,763,1,1,-0.1711403357518036,-0.09234532843631302,1.0
764,764,1,1,-0.1711403357518036,-0.09234532843631302,1.0
765,765,1,1,-0.1711403357518036,-0.09234532843631302,1.0
766,766,2,1,-0.17055806377146396,-0.09234532843631302,0.5
767,767,2,1,-0.17055806377146396,-0.09234532843631302,0.5
768,768,2946,98,1.5436506463484192,0.2438269031425266,0.03326544467073999
769,769,1,1,-0.1711403357518036,-0.09234532843631302,1.0
770,770,1,1,-0.1711403357518036,-0.09234532843631302,1.0
771,771,2,1,-0.17055806377146396,-0.09234532843631302,0.5
772,772,2,1,-0.17055806377146396,-0.09234532843631302,0.5
773,773,1821,30,0.8885946684663308,0.008159771726432855,0.016474464579901153
774,774,3,1,-0.16997579179112432,-0.09234532843631302,0.3333333333333333
775,775,1,1,-0.1711403357518036,-0.09234532843631302,1.0
776,776,1,1,-0.1711403357518036,-0.09234532843631302,1.0
777,777,2,1,-0.17055806377146396,-0.09234532843631302,0.5
778,778,893,364,0.3482462707111502,1.1657012701525404,0.4076147816349384
779,779,1,1,-0.1711403357518036,-0.09234532843631302,1.0
780,780,5637,282,3.1105445454423752,0.8815144352096038,0.050026609898882385
781,781,1,1,-0.1711403357518036,-0.09234532843631302,1.0
782,782,1,1,-0.1711403357518036,-0.09234532843631302,1.0
783,783,3,2,-0.16997579179112432,-0.0888796353272528,0.6666666666666666
784,784,2,1,-0.17055806377146396,-0.09234532843631302,0.5
785,785,3,1,-0.16997579179112432,-0.09234532843631302,0.3333333333333333
786,786,8,1,-0.16706443188942616,-0.09234532843631302,0.125
787,787,1,1,-0.1711403357518036,-0.09234532843631302,1.0
788,788,3,1,-0.16997579179112432,-0.09234532843631302,0.3333333333333333
789,789,1,1,-0.1711403357518036,-0.09234532843631302,1.0
790,790,4,1,-0.16939351981078468,-0.09234532843631302,0.25
791,791,1,1,-0.1711403357518036,-0.09234532843631302,1.0
792,792,1,1,-0.1711403357518036,-0.09234532843631302,1.0
793,793,1,1,-0.1711403357518036,-0.09234532843631302,1.0
794,794,1,1,-0.1711403357518036,-0.09234532843631302,1.0
795,795,1,1,-0.1711403357518036,-0.09234532843631302,1.0
796,796,2,1,-0.17055806377146396,-0.09234532843631302,0.5
797,797,2,1,-0.17055806377146396,-0.09234532843631302,0.5
798,798,1,1,-0.1711403357518036,-0.09234532843631302,1.0
799,799,1,1,-0.1711403357518036,-0.09234532843631302,1.0
800,800,6,2,-0.1682289758501054,-0.0888796353272528,0.3333333333333333
801,801,1,1,-0.1711403357518036,-0.09234532843631302,1.0
802,802,2,1,-0.17055806377146396,-0.09234532843631302,0.5
803,803,1,1,-0.1711403357518036,-0.09234532843631302,1.0
804,804,1984,69,0.9835050012616913,0.14332180297978075,0.03477822580645161
805,805,3,1,-0.16997579179112432,-0.09234532843631302,0.3333333333333333
806,806,1,1,-0.1711403357518036,-0.09234532843631302,1.0
807,807,3,1,-0.16997579179112432,-0.09234532843631302,0.3333333333333333
808,808,4,1,-0.16939351981078468,-0.09234532843631302,0.25
809,809,1961,105,0.9701127457138796,0.268086754905948,0.05354411014788373
810,810,1,1,-0.1711403357518036,-0.09234532843631302,1.0
811,811,1,1,-0.1711403357518036,-0.09234532843631302,1.0
812,812,1,1,-0.1711403357518036,-0.09234532843631302,1.0
813,813,1,1,-0.1711403357518036,-0.09234532843631302,1.0
814,814,1,1,-0.1711403357518036,-0.09234532843631302,1.0
815,815,2,1,-0.17055806377146396,-0.09234532843631302,0.5
816,816,1,1,-0.1711403357518036,-0.09234532843631302,1.0
817,817,1,1,-0.1711403357518036,-0.09234532843631302,1.0
818,818,1181,57,0.5159406010489649,0.10173348567105832,0.04826418289585097
819,819,1,1,-0.1711403357518036,-0.09234532843631302,1.0
820,820,1,1,-0.1711403357518036,-0.09234532843631302,1.0
821,821,1,1,-0.1711403357518036,-0.09234532843631302,1.0
822,822,1,1,-0.1711403357518036,-0.09234532843631302,1.0
823,823,1,1,-0.1711403357518036,-0.09234532843631302,1.0
824,824,1,1,-0.1711403357518036,-0.09234532843631302,1.0
825,825,2,2,-0.17055806377146396,-0.0888796353272528,1.0
826,826,2,1,-0.17055806377146396,-0.09234532843631302,0.5
827,827,3,1,-0.16997579179112432,-0.09234532843631302,0.3333333333333333
828,828,1,1,-0.1711403357518036,-0.09234532843631302,1.0
829,829,1,1,-0.1711403357518036,-0.09234532843631302,1.0
830,830,1,1,-0.1711403357518036,-0.09234532843631302,1.0
831,831,1,2,-0.1711403357518036,-0.0888796353272528,2.0
832,832,1,1,-0.1711403357518036,-0.09234532843631302,1.0
833,833,1,1,-0.1711403357518036,-0.09234532843631302,1.0
834,834,1,1,-0.1711403357518036,-0.09234532843631302,1.0
835,835,1,1,-0.1711403357518036,-0.09234532843631302,1.0
836,836,1641,41,0.7837857120051966,0.04628239592609508,0.024984765386959172
837,837,2,1,-0.17055806377146396,-0.09234532843631302,0.5
838,838,493,70,0.11533747857529648,0.14678749608884095,0.14198782961460446
839,839,5,3,-0.16881124783044504,-0.08541394221819261,0.6
840,840,2,1,-0.17055806377146396,-0.09234532843631302,0.5
841,841,1,1,-0.1711403357518036,-0.09234532843631302,1.0
842,842,1,1,-0.1711403357518036,-0.09234532843631302,1.0
843,843,1,1,-0.1711403357518036,-0.09234532843631302,1.0
844,844,1,1,-0.1711403357518036,-0.09234532843631302,1.0
845,845,1,1,-0.1711403357518036,-0.09234532843631302,1.0
846,846,5,1,-0.16881124783044504,-0.09234532843631302,0.2
847,847,1,1,-0.1711403357518036,-0.09234532843631302,1.0
848,848,1,1,-0.1711403357518036,-0.09234532843631302,1.0
849,849,8772,734,4.935967203807128,2.4480077205048154,0.08367533059735523
850,850,4,1,-0.16939351981078468,-0.09234532843631302,0.25
851,851,2,1,-0.17055806377146396,-0.09234532843631302,0.5
852,852,1,1,-0.1711403357518036,-0.09234532843631302,1.0
853,853,1,1,-0.1711403357518036,-0.09234532843631302,1.0
854,854,1,1,-0.1711403357518036,-0.09234532843631302,1.0
855,855,1,1,-0.1711403357518036,-0.09234532843631302,1.0
856,856,1,1,-0.1711403357518036,-0.09234532843631302,1.0
857,857,3,1,-0.16997579179112432,-0.09234532843631302,0.3333333333333333
858,858,1,1,-0.1711403357518036,-0.09234532843631302,1.0
859,859,2,1,-0.17055806377146396,-0.09234532843631302,0.5
860,860,3,1,-0.16997579179112432,-0.09234532843631302,0.3333333333333333
861,861,6,1,-0.1682289758501054,-0.09234532843631302,0.16666666666666666
862,862,861,37,0.3296135673402819,0.03241962348985427,0.0429732868757259
863,863,2,1,-0.17055806377146396,-0.09234532843631302,0.5
864,864,1,1,-0.1711403357518036,-0.09234532843631302,1.0
865,865,1,1,-0.1711403357518036,-0.09234532843631302,1.0
866,866,245,158,-0.029065972548932822,0.45176848968613875,0.6448979591836734
867,867,2,1,-0.17055806377146396,-0.09234532843631302,0.5
868,868,2,1,-0.17055806377146396,-0.09234532843631302,0.5
869,869,2,3,-0.17055806377146396,-0.08541394221819261,1.5
870,870,2,1,-0.17055806377146396,-0.09234532843631302,0.5
871,871,1,1,-0.1711403357518036,-0.09234532843631302,1.0
872,872,1,1,-0.1711403357518036,-0.09234532843631302,1.0
873,873,1,1,-0.1711403357518036,-0.09234532843631302,1.0
874,874,1,1,-0.1711403357518036,-0.09234532843631302,1.0
875,875,3,1,-0.16997579179112432,-0.09234532843631302,0.3333333333333333
876,876,2,1,-0.17055806377146396,-0.09234532843631302,0.5
877,877,2105,96,1.053959910882787,0.23689551692440622,0.04560570071258908
878,878,2,1,-0.17055806377146396,-0.09234532843631302,0.5
879,879,2,1,-0.17055806377146396,-0.09234532843631302,0.5
880,880,1,1,-0.1711403357518036,-0.09234532843631302,1.0
881,881,1,1,-0.1711403357518036,-0.09234532843631302,1.0
882,882,1,1,-0.1711403357518036,-0.09234532843631302,1.0
883,883,1,1,-0.1711403357518036,-0.09234532843631302,1.0
884,884,1,1,-0.1711403357518036,-0.09234532843631302,1.0
885,885,1,1,-0.1711403357518036,-0.09234532843631302,1.0
886,886,1,1,-0.1711403357518036,-0.09234532843631302,1.0
887,887,3,2,-0.16997579179112432,-0.0888796353272528,0.6666666666666666
888,888,1,1,-0.1711403357518036,-0.09234532843631302,1.0
889,889,1,1,-0.1711403357518036,-0.09234532843631302,1.0
890,890,1,1,-0.1711403357518036,-0.09234532843631302,1.0
891,891,7,1,-0.1676467038697658,-0.09234532843631302,0.14285714285714285
892,892,1,1,-0.1711403357518036,-0.09234532843631302,1.0
893,893,1,1,-0.1711403357518036,-0.09234532843631302,1.0
894,894,10779,251,6.104587068348774,0.7740779488287376,0.023286019111234808
895,895,1,1,-0.1711403357518036,-0.09234532843631302,1.0
896,896,5,1,-0.16881124783044504,-0.09234532843631302,0.2
897,897,4,2,-0.16939351981078468,-0.0888796353272528,0.5
898,898,2,1,-0.17055806377146396,-0.09234532843631302,0.5
899,899,2,1,-0.17055806377146396,-0.09234532843631302,0.5
900,900,1,1,-0.1711403357518036,-0.09234532843631302,1.0
901,901,11875,782,6.742757158801013,2.614360989739705,0.06585263157894737
902,902,1,1,-0.1711403357518036,-0.09234532843631302,1.0
903,903,1,1,-0.1711403357518036,-0.09234532843631302,1.0
904,904,1,1,-0.1711403357518036,-0.09234532843631302,1.0
905,905,1,1,-0.1711403357518036,-0.09234532843631302,1.0
906,906,3,2,-0.16997579179112432,-0.0888796353272528,0.6666666666666666
907,907,5,1,-0.16881124783044504,-0.09234532843631302,0.2
908,908,1,1,-0.1711403357518036,-0.09234532843631302,1.0
909,909,1,1,-0.1711403357518036,-0.09234532843631302,1.0
910,910,1,1,-0.1711403357518036,-0.09234532843631302,1.0
911,911,3706,150,1.9861773514065413,0.4240429448136571,0.040474905558553695
912,912,6,1,-0.1682289758501054,-0.09234532843631302,0.16666666666666666
913,913,1,1,-0.1711403357518036,-0.09234532843631302,1.0
914,914,1,1,-0.1711403357518036,-0.09234532843631302,1.0
915,915,1,1,-0.1711403357518036,-0.09234532843631302,1.0
916,916,1,1,-0.1711403357518036,-0.09234532843631302,1.0
917,917,484,24,0.11009703075223977,-0.01263438692792836,0.049586776859504134
918,918,1,2,-0.1711403357518036,-0.0888796353272528,2.0
919,919,1,1,-0.1711403357518036,-0.09234532843631302,1.0
920,920,1,1,-0.1711403357518036,-0.09234532843631302,1.0
921,921,1,1,-0.1711403357518036,-0.09234532843631302,1.0
922,922,1,1,-0.1711403357518036,-0.09234532843631302,1.0
923,923,1,1,-0.1711403357518036,-0.09234532843631302,1.0
924,924,1,2,-0.1711403357518036,-0.0888796353272528,2.0
925,925,1,1,-0.1711403357518036,-0.09234532843631302,1.0
926,926,1,1,-0.1711403357518036,-0.09234532843631302,1.0
927,927,1,1,-0.1711403357518036,-0.09234532843631302,1.0
928,928,1017,54,0.4204479962732649,0.09133640634387771,0.05309734513274336
929,929,1,1,-0.1711403357518036,-0.09234532843631302,1.0
930,930,1,1,-0.1711403357518036,-0.09234532843631302,1.0
931,931,1,1,-0.1711403357518036,-0.09234532843631302,1.0
932,932,2,1,-0.17055806377146396,-0.09234532843631302,0.5
933,933,1,1,-0.1711403357518036,-0.09234532843631302,1.0
934,934,6203,109,3.4401104863146084,0.28194952734218887,0.017572142511687892
935,935,2,1,-0.17055806377146396,-0.09234532843631302,0.5
936,936,1,1,-0.1711403357518036,-0.09234532843631302,1.0
937,937,2368,188,1.2070974417121108,0.5557392829579448,0.07939189189189189
938,938,1,1,-0.1711403357518036,-0.09234532843631302,1.0
939,939,1,1,-0.1711403357518036,-0.09234532843631302,1.0
940,940,2,1,-0.17055806377146396,-0.09234532843631302,0.5
941,941,1,1,-0.1711403357518036,-0.09234532843631302,1.0
942,942,1,1,-0.1711403357518036,-0.09234532843631302,1.0
943,943,1,1,-0.1711403357518036,-0.09234532843631302,1.0
944,944,1,2,-0.1711403357518036,-0.0888796353272528,2.0
945,945,1,1,-0.1711403357518036,-0.09234532843631302,1.0
946,946,1,1,-0.1711403357518036,-0.09234532843631302,1.0
947,947,4,1,-0.16939351981078468,-0.09234532843631302,0.25
948,948,1,1,-0.1711403357518036,-0.09234532843631302,1.0
949,949,2,1,-0.17055806377146396,-0.09234532843631302,0.5
950,950,1,1,-0.1711403357518036,-0.09234532843631302,1.0
951,951,1,1,-0.1711403357518036,-0.09234532843631302,1.0
952,952,1,1,-0.1711403357518036,-0.09234532843631302,1.0
953,953,8,1,-0.16706443188942616,-0.09234532843631302,0.125
954,954,1,1,-0.1711403357518036,-0.09234532843631302,1.0
955,955,1,1,-0.1711403357518036,-0.09234532843631302,1.0
956,956,2,1,-0.17055806377146396,-0.09234532843631302,0.5
957,957,3,1,-0.16997579179112432,-0.09234532843631302,0.3333333333333333
958,958,1,1,-0.1711403357518036,-0.09234532843631302,1.0
959,959,10,1,-0.16589988792874688,-0.09234532843631302,0.1
960,960,2,1,-0.17055806377146396,-0.09234532843631302,0.5
961,961,1,1,-0.1711403357518036,-0.09234532843631302,1.0
962,962,2,1,-0.17055806377146396,-0.09234532843631302,0.5
963,963,799,160,0.29351270455922457,0.45869987590425915,0.2002503128911139
964,964,1,1,-0.1711403357518036,-0.09234532843631302,1.0
965,965,1,1,-0.1711403357518036,-0.09234532843631302,1.0
966,966,1,1,-0.1711403357518036,-0.09234532843631302,1.0
967,967,1,1,-0.1711403357518036,-0.09234532843631302,1.0
968,968,3,1,-0.16997579179112432,-0.09234532843631302,0.3333333333333333
969,969,2,1,-0.17055806377146396,-0.09234532843631302,0.5
970,970,1,1,-0.1711403357518036,-0.09234532843631302,1.0
971,971,1,1,-0.1711403357518036,-0.09234532843631302,1.0
972,972,2,1,-0.17055806377146396,-0.09234532843631302,0.5
973,973,1,1,-0.1711403357518036,-0.09234532843631302,1.0
974,974,1,1,-0.1711403357518036,-0.09234532843631302,1.0
975,975,1,1,-0.1711403357518036,-0.09234532843631302,1.0
976,976,2,1,-0.17055806377146396,-0.09234532843631302,0.5
977,977,2,1,-0.17055806377146396,-0.09234532843631302,0.5
978,978,1,1,-0.1711403357518036,-0.09234532843631302,1.0
979,979,1,1,-0.1711403357518036,-0.09234532843631302,1.0
980,980,3,1,-0.16997579179112432,-0.09234532843631302,0.3333333333333333
981,981,14,1,-0.16357080000738833,-0.09234532843631302,0.07142857142857142
982,982,1,2,-0.1711403357518036,-0.0888796353272528,2.0
983,983,2,1,-0.17055806377146396,-0.09234532843631302,0.5
984,984,2,1,-0.17055806377146396,-0.09234532843631302,0.5
985,985,1,1,-0.1711403357518036,-0.09234532843631302,1.0
986,986,5,1,-0.16881124783044504,-0.09234532843631302,0.2
987,987,1,1,-0.1711403357518036,-0.09234532843631302,1.0
988,988,2,1,-0.17055806377146396,-0.09234532843631302,0.5
989,989,1,1,-0.1711403357518036,-0.09234532843631302,1.0
990,990,1,1,-0.1711403357518036,-0.09234532843631302,1.0
991,991,1,1,-0.1711403357518036,-0.09234532843631302,1.0
992,992,1,1,-0.1711403357518036,-0.09234532843631302,1.0
993,993,2,1,-0.17055806377146396,-0.09234532843631302,0.5
994,994,1,1,-0.1711403357518036,-0.09234532843631302,1.0
995,995,1,1,-0.1711403357518036,-0.09234532843631302,1.0
996,996,1,1,-0.1711403357518036,-0.09234532843631302,1.0
997,997,1,1,-0.1711403357518036,-0.09234532843631302,1.0
998,998,1,1,-0.1711403357518036,-0.09234532843631302,1.0
999,999,4,1,-0.16939351981078468,-0.09234532843631302,0.25
1000,1000,1,1,-0.1711403357518036,-0.09234532843631302,1.0
1001,1001,1,1,-0.1711403357518036,-0.09234532843631302,1.0
1002,1002,1,1,-0.1711403357518036,-0.09234532843631302,1.0
1003,1003,1,1,-0.1711403357518036,-0.09234532843631302,1.0
1004,1004,1,1,-0.1711403357518036,-0.09234532843631302,1.0
1005,1005,1,1,-0.1711403357518036,-0.09234532843631302,1.0
1006,1006,916,35,0.3616385262589618,0.025488237271733865,0.03820960698689956
1007,1007,1,1,-0.1711403357518036,-0.09234532843631302,1.0
1008,1008,2,2,-0.17055806377146396,-0.0888796353272528,1.0
1009,1009,2,1,-0.17055806377146396,-0.09234532843631302,0.5
1010,1010,1,1,-0.1711403357518036,-0.09234532843631302,1.0
1011,1011,2,1,-0.17055806377146396,-0.09234532843631302,0.5
1012,1012,1,1,-0.1711403357518036,-0.09234532843631302,1.0
1013,1013,2,1,-0.17055806377146396,-0.09234532843631302,0.5
1014,1014,2,1,-0.17055806377146396,-0.09234532843631302,0.5
1015,1015,1,1,-0.1711403357518036,-0.09234532843631302,1.0
1016,1016,2,1,-0.17055806377146396,-0.09234532843631302,0.5
1017,1017,3,1,-0.16997579179112432,-0.09234532843631302,0.3333333333333333
1018,1018,1,1,-0.1711403357518036,-0.09234532843631302,1.0
1019,1019,6,1,-0.1682289758501054,-0.09234532843631302,0.16666666666666666
1020,1020,5,1,-0.16881124783044504,-0.09234532843631302,0.2
1021,1021,3,1,-0.16997579179112432,-0.09234532843631302,0.3333333333333333
1022,1022,3,2,-0.16997579179112432,-0.0888796353272528,0.6666666666666666
1023,1023,1,1,-0.1711403357518036,-0.09234532843631302,1.0
1024,1024,1,1,-0.1711403357518036,-0.09234532843631302,1.0
1025,1025,1,1,-0.1711403357518036,-0.09234532843631302,1.0
1026,1026,2,1,-0.17055806377146396,-0.09234532843631302,0.5
1027,1027,1,1,-0.1711403357518036,-0.09234532843631302,1.0
1028,1028,2,1,-0.17055806377146396,-0.09234532843631302,0.5
1029,1029,2,1,-0.17055806377146396,-0.09234532843631302,0.5
1030,1030,1,1,-0.1711403357518036,-0.09234532843631302,1.0
1031,1031,2,1,-0.17055806377146396,-0.09234532843631302,0.5
1032,1032,2,1,-0.17055806377146396,-0.09234532843631302,0.5
1033,1033,1,1,-0.1711403357518036,-0.09234532843631302,1.0
1034,1034,1,1,-0.1711403357518036,-0.09234532843631302,1.0
1035,1035,2,1,-0.17055806377146396,-0.09234532843631302,0.5
1036,1036,1,1,-0.1711403357518036,-0.09234532843631302,1.0
1037,1037,1,1,-0.1711403357518036,-0.09234532843631302,1.0
1038,1038,10004,91,5.6533262835855576,0.2195670513791052,0.009096361455417833
1039,1039,1,1,-0.1711403357518036,-0.09234532843631302,1.0
1040,1040,1,1,-0.1711403357518036,-0.09234532843631302,1.0
1041,1041,3,1,-0.16997579179112432,-0.09234532843631302,0.3333333333333333
1042,1042,13566,1442,7.7273790775553355,4.901718441719439,0.10629514963880289
1043,1043,1,1,-0.1711403357518036,-0.09234532843631302,1.0
1044,1044,1,1,-0.1711403357518036,-0.09234532843631302,1.0
1045,1045,1,1,-0.1711403357518036,-0.09234532843631302,1.0
1046,1046,1,1,-0.1711403357518036,-0.09234532843631302,1.0
1047,1047,4,1,-0.16939351981078468,-0.09234532843631302,0.25
1048,1048,2,1,-0.17055806377146396,-0.09234532843631302,0.5
1049,1049,1,1,-0.1711403357518036,-0.09234532843631302,1.0
1050,1050,6,1,-0.1682289758501054,-0.09234532843631302,0.16666666666666666
1051,1051,1,1,-0.1711403357518036,-0.09234532843631302,1.0
1052,1052,1,1,-0.1711403357518036,-0.09234532843631302,1.0
1053,1053,1,1,-0.1711403357518036,-0.09234532843631302,1.0
1054,1054,1,1,-0.1711403357518036,-0.09234532843631302,1.0
1055,1055,1,1,-0.1711403357518036,-0.09234532843631302,1.0
1056,1056,1,1,-0.1711403357518036,-0.09234532843631302,1.0
1057,1057,18,1,-0.1612417120860298,-0.09234532843631302,0.05555555555555555
1058,1058,2,1,-0.17055806377146396,-0.09234532843631302,0.5
1059,1059,3,1,-0.16997579179112432,-0.09234532843631302,0.3333333333333333
1060,1060,1,1,-0.1711403357518036,-0.09234532843631302,1.0
1061,1061,3,1,-0.16997579179112432,-0.09234532843631302,0.3333333333333333
1062,1062,1,1,-0.1711403357518036,-0.09234532843631302,1.0
1063,1063,1,1,-0.1711403357518036,-0.09234532843631302,1.0
1064,1064,1,1,-0.1711403357518036,-0.09234532843631302,1.0
1065,1065,5,1,-0.16881124783044504,-0.09234532843631302,0.2
1066,1066,2158,169,1.0848203258407876,0.489891113885801,0.0783132530120482
1067,1067,1,3,-0.1711403357518036,-0.08541394221819261,3.0
1068,1068,1,1,-0.1711403357518036,-0.09234532843631302,1.0
1069,1069,1,1,-0.1711403357518036,-0.09234532843631302,1.0
1070,1070,1,1,-0.1711403357518036,-0.09234532843631302,1.0
1071,1071,3,1,-0.16997579179112432,-0.09234532843631302,0.3333333333333333
1072,1072,1,1,-0.1711403357518036,-0.09234532843631302,1.0
1073,1073,1,1,-0.1711403357518036,-0.09234532843631302,1.0
1074,1074,1,1,-0.1711403357518036,-0.09234532843631302,1.0
1075,1075,1,1,-0.1711403357518036,-0.09234532843631302,1.0
1076,1076,2,1,-0.17055806377146396,-0.09234532843631302,0.5
1077,1077,1,1,-0.1711403357518036,-0.09234532843631302,1.0
1078,1078,1,1,-0.1711403357518036,-0.09234532843631302,1.0
1079,1079,1,1,-0.1711403357518036,-0.09234532843631302,1.0
1080,1080,1,1,-0.1711403357518036,-0.09234532843631302,1.0
1081,1081,2,1,-0.17055806377146396,-0.09234532843631302,0.5
1082,1082,1,1,-0.1711403357518036,-0.09234532843631302,1.0
1083,1083,2,1,-0.17055806377146396,-0.09234532843631302,0.5
1084,1084,1,1,-0.1711403357518036,-0.09234532843631302,1.0
1085,1085,2,1,-0.17055806377146396,-0.09234532843631302,0.5
1086,1086,1,2,-0.1711403357518036,-0.0888796353272528,2.0
1087,1087,1,1,-0.1711403357518036,-0.09234532843631302,1.0
1088,1088,1,1,-0.1711403357518036,-0.09234532843631302,1.0
1089,1089,1,1,-0.1711403357518036,-0.09234532843631302,1.0
1090,1090,1,1,-0.1711403357518036,-0.09234532843631302,1.0
1091,1091,3,1,-0.16997579179112432,-0.09234532843631302,0.3333333333333333
1092,1092,1,1,-0.1711403357518036,-0.09234532843631302,1.0
1093,1093,1,1,-0.1711403357518036,-0.09234532843631302,1.0
1094,1094,1,1,-0.1711403357518036,-0.09234532843631302,1.0
1095,1095,2,1,-0.17055806377146396,-0.09234532843631302,0.5
1096,1096,2,1,-0.17055806377146396,-0.09234532843631302,0.5
1097,1097,1,1,-0.1711403357518036,-0.09234532843631302,1.0
1098,1098,1,1,-0.1711403357518036,-0.09234532843631302,1.0
1099,1099,1,1,-0.1711403357518036,-0.09234532843631302,1.0
1100,1100,3,1,-0.16997579179112432,-0.09234532843631302,0.3333333333333333
1101,1101,3,1,-0.16997579179112432,-0.09234532843631302,0.3333333333333333
1102,1102,6,1,-0.1682289758501054,-0.09234532843631302,0.16666666666666666
1103,1103,1,3,-0.1711403357518036,-0.08541394221819261,3.0
1104,1104,1,1,-0.1711403357518036,-0.09234532843631302,1.0
1105,1105,1,1,-0.1711403357518036,-0.09234532843631302,1.0
1106,1106,1,1,-0.1711403357518036,-0.09234532843631302,1.0
1107,1107,1,1,-0.1711403357518036,-0.09234532843631302,1.0
1108,1108,3,1,-0.16997579179112432,-0.09234532843631302,0.3333333333333333
1109,1109,1,1,-0.1711403357518036,-0.09234532843631302,1.0
1110,1110,1,1,-0.1711403357518036,-0.09234532843631302,1.0
1111,1111,1,1,-0.1711403357518036,-0.09234532843631302,1.0
1112,1112,1,1,-0.1711403357518036,-0.09234532843631302,1.0
1113,1113,1,1,-0.1711403357518036,-0.09234532843631302,1.0
1114,1114,1402,178,0.644622708704024,0.5210823518673428,0.12696148359486448
1115,1115,2,1,-0.17055806377146396,-0.09234532843631302,0.5
1116,1116,1,1,-0.1711403357518036,-0.09234532843631302,1.0
1117,1117,2,1,-0.17055806377146396,-0.09234532843631302,0.5
1118,1118,2,1,-0.17055806377146396,-0.09234532843631302,0.5
1119,1119,4108,30,2.2202506875030745,0.008159771726432855,0.007302823758519961
1120,1120,1,1,-0.1711403357518036,-0.09234532843631302,1.0
1121,1121,12,1,-0.1647353439680676,-0.09234532843631302,0.08333333333333333
1122,1122,2,1,-0.17055806377146396,-0.09234532843631302,0.5
1123,1123,3,1,-0.16997579179112432,-0.09234532843631302,0.3333333333333333
1124,1124,1,1,-0.1711403357518036,-0.09234532843631302,1.0
1125,1125,1,1,-0.1711403357518036,-0.09234532843631302,1.0
1126,1126,2,1,-0.17055806377146396,-0.09234532843631302,0.5
1127,1127,1,1,-0.1711403357518036,-0.09234532843631302,1.0
1128,1128,1,1,-0.1711403357518036,-0.09234532843631302,1.0
1129,1129,3,1,-0.16997579179112432,-0.09234532843631302,0.3333333333333333
1130,1130,1,1,-0.1711403357518036,-0.09234532843631302,1.0
1131,1131,10,1,-0.16589988792874688,-0.09234532843631302,0.1
1132,1132,1,1,-0.1711403357518036,-0.09234532843631302,1.0
1133,1133,1,1,-0.1711403357518036,-0.09234532843631302,1.0
1134,1134,2,1,-0.17055806377146396,-0.09234532843631302,0.5
1135,1135,1,1,-0.1711403357518036,-0.09234532843631302,1.0
1136,1136,3,1,-0.16997579179112432,-0.09234532843631302,0.3333333333333333
