index,community_num,num_users,user_num_games,num_users_zscore,user_num_games_zscore,avg_num_games_played
0,0,109410,6875,28.325985751453793,19.26683822413682,0.06283703500594096
1,1,42676,2974,11.002302899672296,8.290616704139959,0.06968788077608024
2,2,27940,8772,7.176939658987607,24.6044163383214,0.3139584824624195
3,3,32675,2556,8.406112768694584,7.114492480771928,0.07822494261667942
4,4,30321,554,7.795030720067293,1.4814764635882023,0.01827116519903697
5,5,13210,1309,3.3531339766256707,3.6058156708677793,0.09909159727479182
6,6,9687,1586,2.4385876481150732,4.38520899592267,0.16372457933312687
7,7,9220,72,2.3173576919940264,0.12527580410640632,0.0078091106290672455
8,8,5780,165,1.4243575869481975,0.3869493753342217,0.028546712802768166
9,9,3960,506,0.9518982290460436,1.3464191365028784,0.12777777777777777
10,10,4073,341,0.981232244124584,0.8821595746470767,0.08372207218266633
11,11,4140,33,0.9986249787286743,0.015541725849580478,0.007971014492753623
12,12,3521,565,0.8379368784311835,1.512427101045256,0.16046577676796364
13,13,3953,117,0.9500810776694969,0.25189204824889766,0.02959777384265115
14,14,2207,207,0.49683160574798024,0.5051245365338802,0.09379247847757137
15,15,2238,48,0.5048789904155444,0.057747140563744255,0.021447721179624665
16,16,2080,73,0.46386328791634646,0.1280894984206839,0.035096153846153846
17,17,1899,108,0.41687694517992346,0.22656879942039937,0.05687203791469194
18,18,1805,115,0.3924751981234386,0.24626465962034247,0.06371191135734072
19,19,1564,120,0.32991327215947214,0.2603331311917304,0.07672634271099744
20,20,1552,65,0.3267981555139634,0.1055799439064632,0.04188144329896907
21,21,1517,47,0.3177123986312297,0.05493344624946667,0.03098220171390903
22,22,924,293,0.1637737177323412,0.7471022475617526,0.3170995670995671
23,23,907,84,0.15936063581787052,0.15904013587773733,0.0926130099228225
24,24,855,35,0.14586179702066615,0.02116911447813565,0.04093567251461988
25,25,670,130,0.0978370820690736,0.2884700743345063,0.19402985074626866
26,26,683,108,0.10121179176837469,0.22656879942039937,0.1581259150805271
27,27,646,114,0.0916068487780562,0.2434509653060649,0.17647058823529413
28,28,616,117,0.08381905716428442,0.25189204824889766,0.18993506493506493
29,29,566,87,0.07083940447466482,0.16748121882057007,0.15371024734982333
30,30,461,179,0.04358213382646365,0.4263410957341079,0.3882863340563991
31,31,513,124,0.057080972623668035,0.27158790844884073,0.24171539961013644
32,32,523,54,0.05967690316159196,0.07462930644940977,0.10325047801147227
33,33,440,31,0.03813067969682341,0.009914337221025306,0.07045454545454545
34,34,444,23,0.039169051911992984,-0.012595217293195375,0.0518018018018018
35,35,419,38,0.03267922556718318,0.029610197420968404,0.09069212410501193
36,36,430,24,0.03553474915889949,-0.00978152297891779,0.05581395348837209
37,37,407,44,0.02956410892167447,0.046492363306633915,0.10810810810810811
38,38,413,34,0.031121667244428827,0.018355420163858063,0.08232445520581114
39,39,401,14,0.02800655059892012,-0.037918466121693646,0.034912718204488775
40,40,288,48,-0.0013274644796201897,0.057747140563744255,0.16666666666666666
41,41,242,89,-0.013268744954070228,0.17310860744912526,0.3677685950413223
42,42,286,45,-0.001846650587204974,0.0493060576209115,0.15734265734265734
43,43,268,49,-0.006519325555468032,0.060560834878021844,0.1828358208955224
44,44,298,2,0.0012684660583037316,-0.07168279789302466,0.006711409395973154
45,45,274,21,-0.00496176723271368,-0.018222605921750547,0.07664233576642336
46,46,190,86,-0.026767583751274616,0.1646675245062925,0.45263157894736844
47,47,216,20,-0.020018164352672424,-0.021036300236028132,0.09259259259259259
48,48,196,26,-0.025210025428520265,-0.004154134350362619,0.1326530612244898
49,49,199,21,-0.02443124626714309,-0.018222605921750547,0.10552763819095477
50,50,170,48,-0.03195944482712246,0.057747140563744255,0.2823529411764706
51,51,190,27,-0.026767583751274616,-0.0013404400360850343,0.14210526315789473
52,52,189,21,-0.02702717680506701,-0.018222605921750547,0.1111111111111111
53,53,173,34,-0.031180665665745285,0.018355420163858063,0.19653179190751446
54,54,177,18,-0.030142293450575716,-0.026663688864583302,0.1016949152542373
55,55,157,33,-0.03533415452642356,0.015541725849580478,0.21019108280254778
56,56,171,16,-0.03169985177333007,-0.032291077493138476,0.0935672514619883
57,57,140,43,-0.03974723644089422,0.04367866899235633,0.30714285714285716
58,58,145,37,-0.03844927117193226,0.02679650310669082,0.25517241379310346
59,59,145,35,-0.03844927117193226,0.02116911447813565,0.2413793103448276
60,60,169,8,-0.032219037880914854,-0.05480063200735916,0.047337278106508875
61,61,158,17,-0.03507456147263117,-0.029477383178860887,0.10759493670886076
62,62,150,25,-0.037151305902970305,-0.0069678286646402045,0.16666666666666666
63,63,138,31,-0.04026642254847901,0.009914337221025306,0.2246376811594203
64,64,159,10,-0.03481496841883877,-0.04917324337880399,0.06289308176100629
65,65,147,21,-0.03793008506434748,-0.018222605921750547,0.14285714285714285
66,66,146,21,-0.03818967811813987,-0.018222605921750547,0.14383561643835616
67,67,106,59,-0.04857340026983555,0.0886977780207977,0.5566037735849056
68,68,119,43,-0.04519869057053446,0.04367866899235633,0.36134453781512604
69,69,110,46,-0.04753502805466599,0.052119751935189085,0.41818181818181815
70,70,129,24,-0.042602760032610536,-0.00978152297891779,0.18604651162790697
71,71,95,58,-0.051428923861551866,0.0858840837065201,0.6105263157894737
72,72,116,36,-0.045977469731911635,0.023982808792413234,0.3103448275862069
73,73,115,35,-0.046237062785704025,0.02116911447813565,0.30434782608695654
74,74,101,41,-0.049871365538797514,0.03805128036380116,0.40594059405940597
75,75,111,30,-0.0472754350008736,0.007100642906747722,0.2702702702702703
76,76,115,20,-0.046237062785704025,-0.021036300236028132,0.17391304347826086
77,77,125,10,-0.04364113224778011,-0.04917324337880399,0.08
78,78,86,41,-0.0537652613456834,0.03805128036380116,0.47674418604651164
79,79,109,15,-0.04779462110845838,-0.03510477180741606,0.13761467889908258
80,80,100,16,-0.05013095859258991,-0.032291077493138476,0.16
81,81,102,11,-0.049611772485005125,-0.0463595490645264,0.10784313725490197
82,82,86,21,-0.0537652613456834,-0.018222605921750547,0.2441860465116279
83,83,76,30,-0.05636119188360732,0.007100642906747722,0.39473684210526316
84,84,74,31,-0.0568803779911921,0.009914337221025306,0.4189189189189189
85,85,71,21,-0.05765915715256928,-0.018222605921750547,0.29577464788732394
86,86,77,6,-0.05610159882981493,-0.06042802063591433,0.07792207792207792
87,87,71,12,-0.05765915715256928,-0.043545854750248816,0.16901408450704225
88,88,72,8,-0.05739956409877689,-0.05480063200735916,0.1111111111111111
89,89,62,12,-0.05999549463670081,-0.043545854750248816,0.1935483870967742
90,90,64,8,-0.05947630852911603,-0.05480063200735916,0.125
91,91,65,7,-0.05921671547532363,-0.05761432632163674,0.1076923076923077
92,92,56,11,-0.061553052959455165,-0.0463595490645264,0.19642857142857142
93,93,50,15,-0.06311061128220952,-0.03510477180741606,0.3
94,94,48,16,-0.0636297973897943,-0.032291077493138476,0.3333333333333333
95,95,37,14,-0.06648532098151061,-0.037918466121693646,0.3783783783783784
96,96,38,13,-0.06622572792771822,-0.04073216043597123,0.34210526315789475
97,97,42,6,-0.06518735571254865,-0.06042802063591433,0.14285714285714285
98,98,41,4,-0.06544694876634104,-0.0660554092644695,0.0975609756097561
99,99,37,5,-0.06648532098151061,-0.06324171495019192,0.13513513513513514
100,100,32,3,-0.06778328625047257,-0.06886910357874708,0.09375
101,101,25,7,-0.06960043762701931,-0.05761432632163674,0.28
102,102,28,4,-0.06882165846564214,-0.0660554092644695,0.14285714285714285
103,103,26,4,-0.06934084457322692,-0.0660554092644695,0.15384615384615385
104,104,23,3,-0.0701196237346041,-0.06886910357874708,0.13043478260869565
105,105,22,2,-0.0703792167883965,-0.07168279789302466,0.09090909090909091
106,106,18,1,-0.07141758900356607,-0.07449649220730226,0.05555555555555555
107,107,15,1,-0.07219636816494324,-0.07449649220730226,0.06666666666666667
108,108,10,1,-0.0734943334339052,-0.07449649220730226,0.1
109,109,9,1,-0.07375392648769759,-0.07449649220730226,0.1111111111111111
110,110,7,2,-0.07427311259528238,-0.07168279789302466,0.2857142857142857
111,111,8,1,-0.07401351954148998,-0.07449649220730226,0.125
112,112,8,1,-0.07401351954148998,-0.07449649220730226,0.125
113,113,5,3,-0.07479229870286716,-0.06886910357874708,0.6
114,114,7,1,-0.07427311259528238,-0.07449649220730226,0.14285714285714285
115,115,7,1,-0.07427311259528238,-0.07449649220730226,0.14285714285714285
116,116,3,5,-0.07531148481045194,-0.06324171495019192,1.6666666666666667
117,117,6,1,-0.07453270564907477,-0.07449649220730226,0.16666666666666666
118,118,6,1,-0.07453270564907477,-0.07449649220730226,0.16666666666666666
119,119,6,1,-0.07453270564907477,-0.07449649220730226,0.16666666666666666
120,120,6,1,-0.07453270564907477,-0.07449649220730226,0.16666666666666666
121,121,6,1,-0.07453270564907477,-0.07449649220730226,0.16666666666666666
122,122,6,1,-0.07453270564907477,-0.07449649220730226,0.16666666666666666
123,123,6,1,-0.07453270564907477,-0.07449649220730226,0.16666666666666666
124,124,6,1,-0.07453270564907477,-0.07449649220730226,0.16666666666666666
125,125,6,1,-0.07453270564907477,-0.07449649220730226,0.16666666666666666
126,126,5,1,-0.07479229870286716,-0.07449649220730226,0.2
127,127,5,1,-0.07479229870286716,-0.07449649220730226,0.2
128,128,4,2,-0.07505189175665955,-0.07168279789302466,0.5
129,129,2,4,-0.07557107786424434,-0.0660554092644695,2.0
130,130,5,1,-0.07479229870286716,-0.07449649220730226,0.2
131,131,4,2,-0.07505189175665955,-0.07168279789302466,0.5
132,132,5,1,-0.07479229870286716,-0.07449649220730226,0.2
133,133,5,1,-0.07479229870286716,-0.07449649220730226,0.2
134,134,5,1,-0.07479229870286716,-0.07449649220730226,0.2
135,135,3,3,-0.07531148481045194,-0.06886910357874708,1.0
136,136,3,3,-0.07531148481045194,-0.06886910357874708,1.0
137,137,3,2,-0.07531148481045194,-0.07168279789302466,0.6666666666666666
138,138,4,1,-0.07505189175665955,-0.07449649220730226,0.25
139,139,4,1,-0.07505189175665955,-0.07449649220730226,0.25
140,140,2,3,-0.07557107786424434,-0.06886910357874708,1.5
141,141,4,1,-0.07505189175665955,-0.07449649220730226,0.25
142,142,2,3,-0.07557107786424434,-0.06886910357874708,1.5
143,143,4,1,-0.07505189175665955,-0.07449649220730226,0.25
144,144,4,1,-0.07505189175665955,-0.07449649220730226,0.25
145,145,4,1,-0.07505189175665955,-0.07449649220730226,0.25
146,146,4,1,-0.07505189175665955,-0.07449649220730226,0.25
147,147,4,1,-0.07505189175665955,-0.07449649220730226,0.25
148,148,4,1,-0.07505189175665955,-0.07449649220730226,0.25
149,149,4,1,-0.07505189175665955,-0.07449649220730226,0.25
150,150,4,1,-0.07505189175665955,-0.07449649220730226,0.25
151,151,4,1,-0.07505189175665955,-0.07449649220730226,0.25
152,152,4,1,-0.07505189175665955,-0.07449649220730226,0.25
153,153,4,1,-0.07505189175665955,-0.07449649220730226,0.25
154,154,3,2,-0.07531148481045194,-0.07168279789302466,0.6666666666666666
155,155,4,1,-0.07505189175665955,-0.07449649220730226,0.25
156,156,3,2,-0.07531148481045194,-0.07168279789302466,0.6666666666666666
157,157,4,1,-0.07505189175665955,-0.07449649220730226,0.25
158,158,1,4,-0.07583067091803673,-0.0660554092644695,4.0
159,159,3,1,-0.07531148481045194,-0.07449649220730226,0.3333333333333333
160,160,3,1,-0.07531148481045194,-0.07449649220730226,0.3333333333333333
161,161,3,1,-0.07531148481045194,-0.07449649220730226,0.3333333333333333
162,162,3,1,-0.07531148481045194,-0.07449649220730226,0.3333333333333333
163,163,2,2,-0.07557107786424434,-0.07168279789302466,1.0
164,164,3,1,-0.07531148481045194,-0.07449649220730226,0.3333333333333333
165,165,3,1,-0.07531148481045194,-0.07449649220730226,0.3333333333333333
166,166,3,1,-0.07531148481045194,-0.07449649220730226,0.3333333333333333
167,167,3,1,-0.07531148481045194,-0.07449649220730226,0.3333333333333333
168,168,3,1,-0.07531148481045194,-0.07449649220730226,0.3333333333333333
169,169,3,1,-0.07531148481045194,-0.07449649220730226,0.3333333333333333
170,170,3,1,-0.07531148481045194,-0.07449649220730226,0.3333333333333333
171,171,2,2,-0.07557107786424434,-0.07168279789302466,1.0
172,172,3,1,-0.07531148481045194,-0.07449649220730226,0.3333333333333333
173,173,3,1,-0.07531148481045194,-0.07449649220730226,0.3333333333333333
174,174,3,1,-0.07531148481045194,-0.07449649220730226,0.3333333333333333
175,175,3,1,-0.07531148481045194,-0.07449649220730226,0.3333333333333333
176,176,3,1,-0.07531148481045194,-0.07449649220730226,0.3333333333333333
177,177,3,1,-0.07531148481045194,-0.07449649220730226,0.3333333333333333
178,178,3,1,-0.07531148481045194,-0.07449649220730226,0.3333333333333333
179,179,3,1,-0.07531148481045194,-0.07449649220730226,0.3333333333333333
180,180,3,1,-0.07531148481045194,-0.07449649220730226,0.3333333333333333
181,181,3,1,-0.07531148481045194,-0.07449649220730226,0.3333333333333333
182,182,3,1,-0.07531148481045194,-0.07449649220730226,0.3333333333333333
183,183,3,1,-0.07531148481045194,-0.07449649220730226,0.3333333333333333
184,184,3,1,-0.07531148481045194,-0.07449649220730226,0.3333333333333333
185,185,3,1,-0.07531148481045194,-0.07449649220730226,0.3333333333333333
186,186,3,1,-0.07531148481045194,-0.07449649220730226,0.3333333333333333
187,187,3,1,-0.07531148481045194,-0.07449649220730226,0.3333333333333333
188,188,3,1,-0.07531148481045194,-0.07449649220730226,0.3333333333333333
189,189,3,1,-0.07531148481045194,-0.07449649220730226,0.3333333333333333
190,190,3,1,-0.07531148481045194,-0.07449649220730226,0.3333333333333333
191,191,3,1,-0.07531148481045194,-0.07449649220730226,0.3333333333333333
192,192,3,1,-0.07531148481045194,-0.07449649220730226,0.3333333333333333
193,193,3,1,-0.07531148481045194,-0.07449649220730226,0.3333333333333333
194,194,3,1,-0.07531148481045194,-0.07449649220730226,0.3333333333333333
195,195,3,1,-0.07531148481045194,-0.07449649220730226,0.3333333333333333
196,196,3,1,-0.07531148481045194,-0.07449649220730226,0.3333333333333333
197,197,3,1,-0.07531148481045194,-0.07449649220730226,0.3333333333333333
198,198,3,1,-0.07531148481045194,-0.07449649220730226,0.3333333333333333
199,199,3,1,-0.07531148481045194,-0.07449649220730226,0.3333333333333333
200,200,2,2,-0.07557107786424434,-0.07168279789302466,1.0
201,201,3,1,-0.07531148481045194,-0.07449649220730226,0.3333333333333333
202,202,1,3,-0.07583067091803673,-0.06886910357874708,3.0
203,203,3,1,-0.07531148481045194,-0.07449649220730226,0.3333333333333333
204,204,3,1,-0.07531148481045194,-0.07449649220730226,0.3333333333333333
205,205,3,1,-0.07531148481045194,-0.07449649220730226,0.3333333333333333
206,206,1,3,-0.07583067091803673,-0.06886910357874708,3.0
207,207,2,2,-0.07557107786424434,-0.07168279789302466,1.0
208,208,2,2,-0.07557107786424434,-0.07168279789302466,1.0
209,209,3,1,-0.07531148481045194,-0.07449649220730226,0.3333333333333333
210,210,3,1,-0.07531148481045194,-0.07449649220730226,0.3333333333333333
211,211,3,1,-0.07531148481045194,-0.07449649220730226,0.3333333333333333
212,212,3,1,-0.07531148481045194,-0.07449649220730226,0.3333333333333333
213,213,3,1,-0.07531148481045194,-0.07449649220730226,0.3333333333333333
214,214,1,3,-0.07583067091803673,-0.06886910357874708,3.0
215,215,3,1,-0.07531148481045194,-0.07449649220730226,0.3333333333333333
216,216,3,1,-0.07531148481045194,-0.07449649220730226,0.3333333333333333
217,217,3,1,-0.07531148481045194,-0.07449649220730226,0.3333333333333333
218,218,3,1,-0.07531148481045194,-0.07449649220730226,0.3333333333333333
219,219,3,1,-0.07531148481045194,-0.07449649220730226,0.3333333333333333
220,220,2,2,-0.07557107786424434,-0.07168279789302466,1.0
221,221,2,1,-0.07557107786424434,-0.07449649220730226,0.5
222,222,2,1,-0.07557107786424434,-0.07449649220730226,0.5
223,223,2,1,-0.07557107786424434,-0.07449649220730226,0.5
224,224,2,1,-0.07557107786424434,-0.07449649220730226,0.5
225,225,2,1,-0.07557107786424434,-0.07449649220730226,0.5
226,226,2,1,-0.07557107786424434,-0.07449649220730226,0.5
227,227,2,1,-0.07557107786424434,-0.07449649220730226,0.5
228,228,2,1,-0.07557107786424434,-0.07449649220730226,0.5
229,229,1,2,-0.07583067091803673,-0.07168279789302466,2.0
230,230,2,1,-0.07557107786424434,-0.07449649220730226,0.5
231,231,2,1,-0.07557107786424434,-0.07449649220730226,0.5
232,232,2,1,-0.07557107786424434,-0.07449649220730226,0.5
233,233,2,1,-0.07557107786424434,-0.07449649220730226,0.5
234,234,2,1,-0.07557107786424434,-0.07449649220730226,0.5
235,235,2,1,-0.07557107786424434,-0.07449649220730226,0.5
236,236,2,1,-0.07557107786424434,-0.07449649220730226,0.5
237,237,2,1,-0.07557107786424434,-0.07449649220730226,0.5
238,238,2,1,-0.07557107786424434,-0.07449649220730226,0.5
239,239,2,1,-0.07557107786424434,-0.07449649220730226,0.5
240,240,2,1,-0.07557107786424434,-0.07449649220730226,0.5
241,241,1,2,-0.07583067091803673,-0.07168279789302466,2.0
242,242,2,1,-0.07557107786424434,-0.07449649220730226,0.5
243,243,1,2,-0.07583067091803673,-0.07168279789302466,2.0
244,244,2,1,-0.07557107786424434,-0.07449649220730226,0.5
245,245,2,1,-0.07557107786424434,-0.07449649220730226,0.5
246,246,1,2,-0.07583067091803673,-0.07168279789302466,2.0
247,247,2,1,-0.07557107786424434,-0.07449649220730226,0.5
248,248,2,1,-0.07557107786424434,-0.07449649220730226,0.5
249,249,2,1,-0.07557107786424434,-0.07449649220730226,0.5
250,250,2,1,-0.07557107786424434,-0.07449649220730226,0.5
251,251,2,1,-0.07557107786424434,-0.07449649220730226,0.5
252,252,2,1,-0.07557107786424434,-0.07449649220730226,0.5
253,253,2,1,-0.07557107786424434,-0.07449649220730226,0.5
254,254,2,1,-0.07557107786424434,-0.07449649220730226,0.5
255,255,2,1,-0.07557107786424434,-0.07449649220730226,0.5
256,256,2,1,-0.07557107786424434,-0.07449649220730226,0.5
257,257,2,1,-0.07557107786424434,-0.07449649220730226,0.5
258,258,2,1,-0.07557107786424434,-0.07449649220730226,0.5
259,259,2,1,-0.07557107786424434,-0.07449649220730226,0.5
260,260,2,1,-0.07557107786424434,-0.07449649220730226,0.5
261,261,2,1,-0.07557107786424434,-0.07449649220730226,0.5
262,262,1,2,-0.07583067091803673,-0.07168279789302466,2.0
263,263,2,1,-0.07557107786424434,-0.07449649220730226,0.5
264,264,2,1,-0.07557107786424434,-0.07449649220730226,0.5
265,265,2,1,-0.07557107786424434,-0.07449649220730226,0.5
266,266,2,1,-0.07557107786424434,-0.07449649220730226,0.5
267,267,2,1,-0.07557107786424434,-0.07449649220730226,0.5
268,268,1,2,-0.07583067091803673,-0.07168279789302466,2.0
269,269,2,1,-0.07557107786424434,-0.07449649220730226,0.5
270,270,2,1,-0.07557107786424434,-0.07449649220730226,0.5
271,271,2,1,-0.07557107786424434,-0.07449649220730226,0.5
272,272,2,1,-0.07557107786424434,-0.07449649220730226,0.5
273,273,2,1,-0.07557107786424434,-0.07449649220730226,0.5
274,274,2,1,-0.07557107786424434,-0.07449649220730226,0.5
275,275,2,1,-0.07557107786424434,-0.07449649220730226,0.5
276,276,2,1,-0.07557107786424434,-0.07449649220730226,0.5
277,277,2,1,-0.07557107786424434,-0.07449649220730226,0.5
278,278,2,1,-0.07557107786424434,-0.07449649220730226,0.5
279,279,2,1,-0.07557107786424434,-0.07449649220730226,0.5
280,280,2,1,-0.07557107786424434,-0.07449649220730226,0.5
281,281,2,1,-0.07557107786424434,-0.07449649220730226,0.5
282,282,1,2,-0.07583067091803673,-0.07168279789302466,2.0
283,283,2,1,-0.07557107786424434,-0.07449649220730226,0.5
284,284,2,1,-0.07557107786424434,-0.07449649220730226,0.5
285,285,2,1,-0.07557107786424434,-0.07449649220730226,0.5
286,286,2,1,-0.07557107786424434,-0.07449649220730226,0.5
287,287,2,1,-0.07557107786424434,-0.07449649220730226,0.5
288,288,2,1,-0.07557107786424434,-0.07449649220730226,0.5
289,289,2,1,-0.07557107786424434,-0.07449649220730226,0.5
290,290,2,1,-0.07557107786424434,-0.07449649220730226,0.5
291,291,2,1,-0.07557107786424434,-0.07449649220730226,0.5
292,292,2,1,-0.07557107786424434,-0.07449649220730226,0.5
293,293,2,1,-0.07557107786424434,-0.07449649220730226,0.5
294,294,2,1,-0.07557107786424434,-0.07449649220730226,0.5
295,295,2,1,-0.07557107786424434,-0.07449649220730226,0.5
296,296,2,1,-0.07557107786424434,-0.07449649220730226,0.5
297,297,2,1,-0.07557107786424434,-0.07449649220730226,0.5
298,298,2,1,-0.07557107786424434,-0.07449649220730226,0.5
299,299,2,1,-0.07557107786424434,-0.07449649220730226,0.5
300,300,2,1,-0.07557107786424434,-0.07449649220730226,0.5
301,301,2,1,-0.07557107786424434,-0.07449649220730226,0.5
302,302,2,1,-0.07557107786424434,-0.07449649220730226,0.5
303,303,2,1,-0.07557107786424434,-0.07449649220730226,0.5
304,304,2,1,-0.07557107786424434,-0.07449649220730226,0.5
305,305,2,1,-0.07557107786424434,-0.07449649220730226,0.5
306,306,2,1,-0.07557107786424434,-0.07449649220730226,0.5
307,307,2,1,-0.07557107786424434,-0.07449649220730226,0.5
308,308,2,1,-0.07557107786424434,-0.07449649220730226,0.5
309,309,2,1,-0.07557107786424434,-0.07449649220730226,0.5
310,310,2,1,-0.07557107786424434,-0.07449649220730226,0.5
311,311,1,2,-0.07583067091803673,-0.07168279789302466,2.0
312,312,2,1,-0.07557107786424434,-0.07449649220730226,0.5
313,313,2,1,-0.07557107786424434,-0.07449649220730226,0.5
314,314,2,1,-0.07557107786424434,-0.07449649220730226,0.5
315,315,2,1,-0.07557107786424434,-0.07449649220730226,0.5
316,316,2,1,-0.07557107786424434,-0.07449649220730226,0.5
317,317,2,1,-0.07557107786424434,-0.07449649220730226,0.5
318,318,1,2,-0.07583067091803673,-0.07168279789302466,2.0
319,319,2,1,-0.07557107786424434,-0.07449649220730226,0.5
320,320,2,1,-0.07557107786424434,-0.07449649220730226,0.5
321,321,2,1,-0.07557107786424434,-0.07449649220730226,0.5
322,322,2,1,-0.07557107786424434,-0.07449649220730226,0.5
323,323,2,1,-0.07557107786424434,-0.07449649220730226,0.5
324,324,1,2,-0.07583067091803673,-0.07168279789302466,2.0
325,325,2,1,-0.07557107786424434,-0.07449649220730226,0.5
326,326,2,1,-0.07557107786424434,-0.07449649220730226,0.5
327,327,2,1,-0.07557107786424434,-0.07449649220730226,0.5
328,328,2,1,-0.07557107786424434,-0.07449649220730226,0.5
329,329,1,2,-0.07583067091803673,-0.07168279789302466,2.0
330,330,2,1,-0.07557107786424434,-0.07449649220730226,0.5
331,331,2,1,-0.07557107786424434,-0.07449649220730226,0.5
332,332,2,1,-0.07557107786424434,-0.07449649220730226,0.5
333,333,2,1,-0.07557107786424434,-0.07449649220730226,0.5
334,334,2,1,-0.07557107786424434,-0.07449649220730226,0.5
335,335,2,1,-0.07557107786424434,-0.07449649220730226,0.5
336,336,2,1,-0.07557107786424434,-0.07449649220730226,0.5
337,337,2,1,-0.07557107786424434,-0.07449649220730226,0.5
338,338,2,1,-0.07557107786424434,-0.07449649220730226,0.5
339,339,2,1,-0.07557107786424434,-0.07449649220730226,0.5
340,340,2,1,-0.07557107786424434,-0.07449649220730226,0.5
341,341,2,1,-0.07557107786424434,-0.07449649220730226,0.5
342,342,2,1,-0.07557107786424434,-0.07449649220730226,0.5
343,343,1,2,-0.07583067091803673,-0.07168279789302466,2.0
344,344,2,1,-0.07557107786424434,-0.07449649220730226,0.5
345,345,2,1,-0.07557107786424434,-0.07449649220730226,0.5
346,346,2,1,-0.07557107786424434,-0.07449649220730226,0.5
347,347,2,1,-0.07557107786424434,-0.07449649220730226,0.5
348,348,2,1,-0.07557107786424434,-0.07449649220730226,0.5
349,349,2,1,-0.07557107786424434,-0.07449649220730226,0.5
350,350,2,1,-0.07557107786424434,-0.07449649220730226,0.5
351,351,2,1,-0.07557107786424434,-0.07449649220730226,0.5
352,352,2,1,-0.07557107786424434,-0.07449649220730226,0.5
353,353,2,1,-0.07557107786424434,-0.07449649220730226,0.5
354,354,2,1,-0.07557107786424434,-0.07449649220730226,0.5
355,355,2,1,-0.07557107786424434,-0.07449649220730226,0.5
356,356,2,1,-0.07557107786424434,-0.07449649220730226,0.5
357,357,2,1,-0.07557107786424434,-0.07449649220730226,0.5
358,358,2,1,-0.07557107786424434,-0.07449649220730226,0.5
359,359,2,1,-0.07557107786424434,-0.07449649220730226,0.5
360,360,2,1,-0.07557107786424434,-0.07449649220730226,0.5
361,361,2,1,-0.07557107786424434,-0.07449649220730226,0.5
362,362,2,1,-0.07557107786424434,-0.07449649220730226,0.5
363,363,2,1,-0.07557107786424434,-0.07449649220730226,0.5
364,364,2,1,-0.07557107786424434,-0.07449649220730226,0.5
365,365,2,1,-0.07557107786424434,-0.07449649220730226,0.5
366,366,2,1,-0.07557107786424434,-0.07449649220730226,0.5
367,367,2,1,-0.07557107786424434,-0.07449649220730226,0.5
368,368,2,1,-0.07557107786424434,-0.07449649220730226,0.5
369,369,2,1,-0.07557107786424434,-0.07449649220730226,0.5
370,370,2,1,-0.07557107786424434,-0.07449649220730226,0.5
371,371,2,1,-0.07557107786424434,-0.07449649220730226,0.5
372,372,2,1,-0.07557107786424434,-0.07449649220730226,0.5
373,373,2,1,-0.07557107786424434,-0.07449649220730226,0.5
374,374,2,1,-0.07557107786424434,-0.07449649220730226,0.5
375,375,2,1,-0.07557107786424434,-0.07449649220730226,0.5
376,376,2,1,-0.07557107786424434,-0.07449649220730226,0.5
377,377,2,1,-0.07557107786424434,-0.07449649220730226,0.5
378,378,2,1,-0.07557107786424434,-0.07449649220730226,0.5
379,379,2,1,-0.07557107786424434,-0.07449649220730226,0.5
380,380,2,1,-0.07557107786424434,-0.07449649220730226,0.5
381,381,2,1,-0.07557107786424434,-0.07449649220730226,0.5
382,382,2,1,-0.07557107786424434,-0.07449649220730226,0.5
383,383,1,2,-0.07583067091803673,-0.07168279789302466,2.0
384,384,1,2,-0.07583067091803673,-0.07168279789302466,2.0
385,385,2,1,-0.07557107786424434,-0.07449649220730226,0.5
386,386,2,1,-0.07557107786424434,-0.07449649220730226,0.5
387,387,2,1,-0.07557107786424434,-0.07449649220730226,0.5
388,388,2,1,-0.07557107786424434,-0.07449649220730226,0.5
389,389,1,2,-0.07583067091803673,-0.07168279789302466,2.0
390,390,2,1,-0.07557107786424434,-0.07449649220730226,0.5
391,391,2,1,-0.07557107786424434,-0.07449649220730226,0.5
392,392,2,1,-0.07557107786424434,-0.07449649220730226,0.5
393,393,2,1,-0.07557107786424434,-0.07449649220730226,0.5
394,394,2,1,-0.07557107786424434,-0.07449649220730226,0.5
395,395,2,1,-0.07557107786424434,-0.07449649220730226,0.5
396,396,2,1,-0.07557107786424434,-0.07449649220730226,0.5
397,397,1,1,-0.07583067091803673,-0.07449649220730226,1.0
398,398,1,1,-0.07583067091803673,-0.07449649220730226,1.0
399,399,1,1,-0.07583067091803673,-0.07449649220730226,1.0
400,400,1,1,-0.07583067091803673,-0.07449649220730226,1.0
401,401,1,1,-0.07583067091803673,-0.07449649220730226,1.0
402,402,1,1,-0.07583067091803673,-0.07449649220730226,1.0
403,403,1,1,-0.07583067091803673,-0.07449649220730226,1.0
404,404,1,1,-0.07583067091803673,-0.07449649220730226,1.0
405,405,1,1,-0.07583067091803673,-0.07449649220730226,1.0
406,406,1,1,-0.07583067091803673,-0.07449649220730226,1.0
407,407,1,1,-0.07583067091803673,-0.07449649220730226,1.0
408,408,1,1,-0.07583067091803673,-0.07449649220730226,1.0
409,409,1,1,-0.07583067091803673,-0.07449649220730226,1.0
410,410,1,1,-0.07583067091803673,-0.07449649220730226,1.0
411,411,1,1,-0.07583067091803673,-0.07449649220730226,1.0
412,412,1,1,-0.07583067091803673,-0.07449649220730226,1.0
413,413,1,1,-0.07583067091803673,-0.07449649220730226,1.0
414,414,1,1,-0.07583067091803673,-0.07449649220730226,1.0
415,415,1,1,-0.07583067091803673,-0.07449649220730226,1.0
416,416,1,1,-0.07583067091803673,-0.07449649220730226,1.0
417,417,1,1,-0.07583067091803673,-0.07449649220730226,1.0
418,418,1,1,-0.07583067091803673,-0.07449649220730226,1.0
419,419,1,1,-0.07583067091803673,-0.07449649220730226,1.0
420,420,1,1,-0.07583067091803673,-0.07449649220730226,1.0
421,421,1,1,-0.07583067091803673,-0.07449649220730226,1.0
422,422,1,1,-0.07583067091803673,-0.07449649220730226,1.0
423,423,1,1,-0.07583067091803673,-0.07449649220730226,1.0
424,424,1,1,-0.07583067091803673,-0.07449649220730226,1.0
425,425,1,1,-0.07583067091803673,-0.07449649220730226,1.0
426,426,1,1,-0.07583067091803673,-0.07449649220730226,1.0
427,427,1,1,-0.07583067091803673,-0.07449649220730226,1.0
428,428,1,1,-0.07583067091803673,-0.07449649220730226,1.0
429,429,1,1,-0.07583067091803673,-0.07449649220730226,1.0
430,430,1,1,-0.07583067091803673,-0.07449649220730226,1.0
431,431,1,1,-0.07583067091803673,-0.07449649220730226,1.0
432,432,1,1,-0.07583067091803673,-0.07449649220730226,1.0
433,433,1,1,-0.07583067091803673,-0.07449649220730226,1.0
434,434,1,1,-0.07583067091803673,-0.07449649220730226,1.0
435,435,1,1,-0.07583067091803673,-0.07449649220730226,1.0
436,436,1,1,-0.07583067091803673,-0.07449649220730226,1.0
437,437,1,1,-0.07583067091803673,-0.07449649220730226,1.0
438,438,1,1,-0.07583067091803673,-0.07449649220730226,1.0
439,439,1,1,-0.07583067091803673,-0.07449649220730226,1.0
440,440,1,1,-0.07583067091803673,-0.07449649220730226,1.0
441,441,1,1,-0.07583067091803673,-0.07449649220730226,1.0
442,442,1,1,-0.07583067091803673,-0.07449649220730226,1.0
443,443,1,1,-0.07583067091803673,-0.07449649220730226,1.0
444,444,1,1,-0.07583067091803673,-0.07449649220730226,1.0
445,445,1,1,-0.07583067091803673,-0.07449649220730226,1.0
446,446,1,1,-0.07583067091803673,-0.07449649220730226,1.0
447,447,1,1,-0.07583067091803673,-0.07449649220730226,1.0
448,448,1,1,-0.07583067091803673,-0.07449649220730226,1.0
449,449,1,1,-0.07583067091803673,-0.07449649220730226,1.0
450,450,1,1,-0.07583067091803673,-0.07449649220730226,1.0
451,451,1,1,-0.07583067091803673,-0.07449649220730226,1.0
452,452,1,1,-0.07583067091803673,-0.07449649220730226,1.0
453,453,1,1,-0.07583067091803673,-0.07449649220730226,1.0
454,454,1,1,-0.07583067091803673,-0.07449649220730226,1.0
455,455,1,1,-0.07583067091803673,-0.07449649220730226,1.0
456,456,1,1,-0.07583067091803673,-0.07449649220730226,1.0
457,457,1,1,-0.07583067091803673,-0.07449649220730226,1.0
458,458,1,1,-0.07583067091803673,-0.07449649220730226,1.0
459,459,1,1,-0.07583067091803673,-0.07449649220730226,1.0
460,460,1,1,-0.07583067091803673,-0.07449649220730226,1.0
461,461,1,1,-0.07583067091803673,-0.07449649220730226,1.0
462,462,1,1,-0.07583067091803673,-0.07449649220730226,1.0
463,463,1,1,-0.07583067091803673,-0.07449649220730226,1.0
464,464,1,1,-0.07583067091803673,-0.07449649220730226,1.0
465,465,1,1,-0.07583067091803673,-0.07449649220730226,1.0
466,466,1,1,-0.07583067091803673,-0.07449649220730226,1.0
467,467,1,1,-0.07583067091803673,-0.07449649220730226,1.0
468,468,1,1,-0.07583067091803673,-0.07449649220730226,1.0
469,469,1,1,-0.07583067091803673,-0.07449649220730226,1.0
470,470,1,1,-0.07583067091803673,-0.07449649220730226,1.0
471,471,1,1,-0.07583067091803673,-0.07449649220730226,1.0
472,472,1,1,-0.07583067091803673,-0.07449649220730226,1.0
473,473,1,1,-0.07583067091803673,-0.07449649220730226,1.0
474,474,1,1,-0.07583067091803673,-0.07449649220730226,1.0
475,475,1,1,-0.07583067091803673,-0.07449649220730226,1.0
476,476,1,1,-0.07583067091803673,-0.07449649220730226,1.0
477,477,1,1,-0.07583067091803673,-0.07449649220730226,1.0
478,478,1,1,-0.07583067091803673,-0.07449649220730226,1.0
479,479,1,1,-0.07583067091803673,-0.07449649220730226,1.0
480,480,1,1,-0.07583067091803673,-0.07449649220730226,1.0
481,481,1,1,-0.07583067091803673,-0.07449649220730226,1.0
482,482,1,1,-0.07583067091803673,-0.07449649220730226,1.0
483,483,1,1,-0.07583067091803673,-0.07449649220730226,1.0
484,484,1,1,-0.07583067091803673,-0.07449649220730226,1.0
485,485,1,1,-0.07583067091803673,-0.07449649220730226,1.0
486,486,1,1,-0.07583067091803673,-0.07449649220730226,1.0
487,487,1,1,-0.07583067091803673,-0.07449649220730226,1.0
488,488,1,1,-0.07583067091803673,-0.07449649220730226,1.0
489,489,1,1,-0.07583067091803673,-0.07449649220730226,1.0
490,490,1,1,-0.07583067091803673,-0.07449649220730226,1.0
491,491,1,1,-0.07583067091803673,-0.07449649220730226,1.0
492,492,1,1,-0.07583067091803673,-0.07449649220730226,1.0
493,493,1,1,-0.07583067091803673,-0.07449649220730226,1.0
494,494,1,1,-0.07583067091803673,-0.07449649220730226,1.0
495,495,1,1,-0.07583067091803673,-0.07449649220730226,1.0
496,496,1,1,-0.07583067091803673,-0.07449649220730226,1.0
497,497,1,1,-0.07583067091803673,-0.07449649220730226,1.0
498,498,1,1,-0.07583067091803673,-0.07449649220730226,1.0
499,499,1,1,-0.07583067091803673,-0.07449649220730226,1.0
500,500,1,1,-0.07583067091803673,-0.07449649220730226,1.0
501,501,1,1,-0.07583067091803673,-0.07449649220730226,1.0
502,502,1,1,-0.07583067091803673,-0.07449649220730226,1.0
503,503,1,1,-0.07583067091803673,-0.07449649220730226,1.0
504,504,1,1,-0.07583067091803673,-0.07449649220730226,1.0
505,505,1,1,-0.07583067091803673,-0.07449649220730226,1.0
506,506,1,1,-0.07583067091803673,-0.07449649220730226,1.0
507,507,1,1,-0.07583067091803673,-0.07449649220730226,1.0
508,508,1,1,-0.07583067091803673,-0.07449649220730226,1.0
509,509,1,1,-0.07583067091803673,-0.07449649220730226,1.0
510,510,1,1,-0.07583067091803673,-0.07449649220730226,1.0
511,511,1,1,-0.07583067091803673,-0.07449649220730226,1.0
512,512,1,1,-0.07583067091803673,-0.07449649220730226,1.0
513,513,1,1,-0.07583067091803673,-0.07449649220730226,1.0
514,514,1,1,-0.07583067091803673,-0.07449649220730226,1.0
515,515,1,1,-0.07583067091803673,-0.07449649220730226,1.0
516,516,1,1,-0.07583067091803673,-0.07449649220730226,1.0
517,517,1,1,-0.07583067091803673,-0.07449649220730226,1.0
518,518,1,1,-0.07583067091803673,-0.07449649220730226,1.0
519,519,1,1,-0.07583067091803673,-0.07449649220730226,1.0
520,520,1,1,-0.07583067091803673,-0.07449649220730226,1.0
521,521,1,1,-0.07583067091803673,-0.07449649220730226,1.0
522,522,1,1,-0.07583067091803673,-0.07449649220730226,1.0
523,523,1,1,-0.07583067091803673,-0.07449649220730226,1.0
524,524,1,1,-0.07583067091803673,-0.07449649220730226,1.0
525,525,1,1,-0.07583067091803673,-0.07449649220730226,1.0
526,526,1,1,-0.07583067091803673,-0.07449649220730226,1.0
527,527,1,1,-0.07583067091803673,-0.07449649220730226,1.0
528,528,1,1,-0.07583067091803673,-0.07449649220730226,1.0
529,529,1,1,-0.07583067091803673,-0.07449649220730226,1.0
530,530,1,1,-0.07583067091803673,-0.07449649220730226,1.0
531,531,1,1,-0.07583067091803673,-0.07449649220730226,1.0
532,532,1,1,-0.07583067091803673,-0.07449649220730226,1.0
533,533,1,1,-0.07583067091803673,-0.07449649220730226,1.0
534,534,1,1,-0.07583067091803673,-0.07449649220730226,1.0
535,535,1,1,-0.07583067091803673,-0.07449649220730226,1.0
536,536,1,1,-0.07583067091803673,-0.07449649220730226,1.0
537,537,1,1,-0.07583067091803673,-0.07449649220730226,1.0
538,538,1,1,-0.07583067091803673,-0.07449649220730226,1.0
539,539,1,1,-0.07583067091803673,-0.07449649220730226,1.0
540,540,1,1,-0.07583067091803673,-0.07449649220730226,1.0
541,541,1,1,-0.07583067091803673,-0.07449649220730226,1.0
542,542,1,1,-0.07583067091803673,-0.07449649220730226,1.0
543,543,1,1,-0.07583067091803673,-0.07449649220730226,1.0
544,544,1,1,-0.07583067091803673,-0.07449649220730226,1.0
545,545,1,1,-0.07583067091803673,-0.07449649220730226,1.0
546,546,1,1,-0.07583067091803673,-0.07449649220730226,1.0
547,547,1,1,-0.07583067091803673,-0.07449649220730226,1.0
548,548,1,1,-0.07583067091803673,-0.07449649220730226,1.0
549,549,1,1,-0.07583067091803673,-0.07449649220730226,1.0
550,550,1,1,-0.07583067091803673,-0.07449649220730226,1.0
551,551,1,1,-0.07583067091803673,-0.07449649220730226,1.0
552,552,1,1,-0.07583067091803673,-0.07449649220730226,1.0
553,553,1,1,-0.07583067091803673,-0.07449649220730226,1.0
554,554,1,1,-0.07583067091803673,-0.07449649220730226,1.0
555,555,1,1,-0.07583067091803673,-0.07449649220730226,1.0
556,556,1,1,-0.07583067091803673,-0.07449649220730226,1.0
557,557,1,1,-0.07583067091803673,-0.07449649220730226,1.0
558,558,1,1,-0.07583067091803673,-0.07449649220730226,1.0
559,559,1,1,-0.07583067091803673,-0.07449649220730226,1.0
560,560,1,1,-0.07583067091803673,-0.07449649220730226,1.0
561,561,1,1,-0.07583067091803673,-0.07449649220730226,1.0
562,562,1,1,-0.07583067091803673,-0.07449649220730226,1.0
563,563,1,1,-0.07583067091803673,-0.07449649220730226,1.0
564,564,1,1,-0.07583067091803673,-0.07449649220730226,1.0
565,565,1,1,-0.07583067091803673,-0.07449649220730226,1.0
566,566,1,1,-0.07583067091803673,-0.07449649220730226,1.0
567,567,1,1,-0.07583067091803673,-0.07449649220730226,1.0
568,568,1,1,-0.07583067091803673,-0.07449649220730226,1.0
569,569,1,1,-0.07583067091803673,-0.07449649220730226,1.0
570,570,1,1,-0.07583067091803673,-0.07449649220730226,1.0
571,571,1,1,-0.07583067091803673,-0.07449649220730226,1.0
572,572,1,1,-0.07583067091803673,-0.07449649220730226,1.0
573,573,1,1,-0.07583067091803673,-0.07449649220730226,1.0
574,574,1,1,-0.07583067091803673,-0.07449649220730226,1.0
575,575,1,1,-0.07583067091803673,-0.07449649220730226,1.0
576,576,1,1,-0.07583067091803673,-0.07449649220730226,1.0
577,577,1,1,-0.07583067091803673,-0.07449649220730226,1.0
578,578,1,1,-0.07583067091803673,-0.07449649220730226,1.0
579,579,1,1,-0.07583067091803673,-0.07449649220730226,1.0
580,580,1,1,-0.07583067091803673,-0.07449649220730226,1.0
581,581,1,1,-0.07583067091803673,-0.07449649220730226,1.0
582,582,1,1,-0.07583067091803673,-0.07449649220730226,1.0
583,583,1,1,-0.07583067091803673,-0.07449649220730226,1.0
584,584,1,1,-0.07583067091803673,-0.07449649220730226,1.0
585,585,1,1,-0.07583067091803673,-0.07449649220730226,1.0
586,586,1,1,-0.07583067091803673,-0.07449649220730226,1.0
587,587,1,1,-0.07583067091803673,-0.07449649220730226,1.0
588,588,1,1,-0.07583067091803673,-0.07449649220730226,1.0
589,589,1,1,-0.07583067091803673,-0.07449649220730226,1.0
590,590,1,1,-0.07583067091803673,-0.07449649220730226,1.0
591,591,1,1,-0.07583067091803673,-0.07449649220730226,1.0
592,592,1,1,-0.07583067091803673,-0.07449649220730226,1.0
593,593,1,1,-0.07583067091803673,-0.07449649220730226,1.0
594,594,1,1,-0.07583067091803673,-0.07449649220730226,1.0
595,595,1,1,-0.07583067091803673,-0.07449649220730226,1.0
596,596,1,1,-0.07583067091803673,-0.07449649220730226,1.0
597,597,1,1,-0.07583067091803673,-0.07449649220730226,1.0
598,598,1,1,-0.07583067091803673,-0.07449649220730226,1.0
599,599,1,1,-0.07583067091803673,-0.07449649220730226,1.0
600,600,1,1,-0.07583067091803673,-0.07449649220730226,1.0
601,601,1,1,-0.07583067091803673,-0.07449649220730226,1.0
602,602,1,1,-0.07583067091803673,-0.07449649220730226,1.0
603,603,1,1,-0.07583067091803673,-0.07449649220730226,1.0
604,604,1,1,-0.07583067091803673,-0.07449649220730226,1.0
605,605,1,1,-0.07583067091803673,-0.07449649220730226,1.0
606,606,1,1,-0.07583067091803673,-0.07449649220730226,1.0
607,607,1,1,-0.07583067091803673,-0.07449649220730226,1.0
608,608,1,1,-0.07583067091803673,-0.07449649220730226,1.0
609,609,1,1,-0.07583067091803673,-0.07449649220730226,1.0
610,610,1,1,-0.07583067091803673,-0.07449649220730226,1.0
611,611,1,1,-0.07583067091803673,-0.07449649220730226,1.0
612,612,1,1,-0.07583067091803673,-0.07449649220730226,1.0
613,613,1,1,-0.07583067091803673,-0.07449649220730226,1.0
614,614,1,1,-0.07583067091803673,-0.07449649220730226,1.0
615,615,1,1,-0.07583067091803673,-0.07449649220730226,1.0
616,616,1,1,-0.07583067091803673,-0.07449649220730226,1.0
617,617,1,1,-0.07583067091803673,-0.07449649220730226,1.0
618,618,1,1,-0.07583067091803673,-0.07449649220730226,1.0
619,619,1,1,-0.07583067091803673,-0.07449649220730226,1.0
620,620,1,1,-0.07583067091803673,-0.07449649220730226,1.0
621,621,1,1,-0.07583067091803673,-0.07449649220730226,1.0
622,622,1,1,-0.07583067091803673,-0.07449649220730226,1.0
623,623,1,1,-0.07583067091803673,-0.07449649220730226,1.0
624,624,1,1,-0.07583067091803673,-0.07449649220730226,1.0
625,625,1,1,-0.07583067091803673,-0.07449649220730226,1.0
626,626,1,1,-0.07583067091803673,-0.07449649220730226,1.0
627,627,1,1,-0.07583067091803673,-0.07449649220730226,1.0
628,628,1,1,-0.07583067091803673,-0.07449649220730226,1.0
629,629,1,1,-0.07583067091803673,-0.07449649220730226,1.0
630,630,1,1,-0.07583067091803673,-0.07449649220730226,1.0
631,631,1,1,-0.07583067091803673,-0.07449649220730226,1.0
632,632,1,1,-0.07583067091803673,-0.07449649220730226,1.0
633,633,1,1,-0.07583067091803673,-0.07449649220730226,1.0
634,634,1,1,-0.07583067091803673,-0.07449649220730226,1.0
635,635,1,1,-0.07583067091803673,-0.07449649220730226,1.0
636,636,1,1,-0.07583067091803673,-0.07449649220730226,1.0
637,637,1,1,-0.07583067091803673,-0.07449649220730226,1.0
638,638,1,1,-0.07583067091803673,-0.07449649220730226,1.0
639,639,1,1,-0.07583067091803673,-0.07449649220730226,1.0
640,640,1,1,-0.07583067091803673,-0.07449649220730226,1.0
641,641,1,1,-0.07583067091803673,-0.07449649220730226,1.0
642,642,1,1,-0.07583067091803673,-0.07449649220730226,1.0
643,643,1,1,-0.07583067091803673,-0.07449649220730226,1.0
644,644,1,1,-0.07583067091803673,-0.07449649220730226,1.0
645,645,1,1,-0.07583067091803673,-0.07449649220730226,1.0
646,646,1,1,-0.07583067091803673,-0.07449649220730226,1.0
647,647,1,1,-0.07583067091803673,-0.07449649220730226,1.0
648,648,1,1,-0.07583067091803673,-0.07449649220730226,1.0
649,649,1,1,-0.07583067091803673,-0.07449649220730226,1.0
650,650,1,1,-0.07583067091803673,-0.07449649220730226,1.0
651,651,1,1,-0.07583067091803673,-0.07449649220730226,1.0
652,652,1,1,-0.07583067091803673,-0.07449649220730226,1.0
653,653,1,1,-0.07583067091803673,-0.07449649220730226,1.0
654,654,1,1,-0.07583067091803673,-0.07449649220730226,1.0
655,655,1,1,-0.07583067091803673,-0.07449649220730226,1.0
656,656,1,1,-0.07583067091803673,-0.07449649220730226,1.0
657,657,1,1,-0.07583067091803673,-0.07449649220730226,1.0
658,658,1,1,-0.07583067091803673,-0.07449649220730226,1.0
659,659,1,1,-0.07583067091803673,-0.07449649220730226,1.0
660,660,1,1,-0.07583067091803673,-0.07449649220730226,1.0
661,661,1,1,-0.07583067091803673,-0.07449649220730226,1.0
662,662,1,1,-0.07583067091803673,-0.07449649220730226,1.0
663,663,1,1,-0.07583067091803673,-0.07449649220730226,1.0
664,664,1,1,-0.07583067091803673,-0.07449649220730226,1.0
665,665,1,1,-0.07583067091803673,-0.07449649220730226,1.0
666,666,1,1,-0.07583067091803673,-0.07449649220730226,1.0
667,667,1,1,-0.07583067091803673,-0.07449649220730226,1.0
668,668,1,1,-0.07583067091803673,-0.07449649220730226,1.0
669,669,1,1,-0.07583067091803673,-0.07449649220730226,1.0
670,670,1,1,-0.07583067091803673,-0.07449649220730226,1.0
671,671,1,1,-0.07583067091803673,-0.07449649220730226,1.0
672,672,1,1,-0.07583067091803673,-0.07449649220730226,1.0
673,673,1,1,-0.07583067091803673,-0.07449649220730226,1.0
674,674,1,1,-0.07583067091803673,-0.07449649220730226,1.0
675,675,1,1,-0.07583067091803673,-0.07449649220730226,1.0
676,676,1,1,-0.07583067091803673,-0.07449649220730226,1.0
677,677,1,1,-0.07583067091803673,-0.07449649220730226,1.0
678,678,1,1,-0.07583067091803673,-0.07449649220730226,1.0
679,679,1,1,-0.07583067091803673,-0.07449649220730226,1.0
680,680,1,1,-0.07583067091803673,-0.07449649220730226,1.0
681,681,1,1,-0.07583067091803673,-0.07449649220730226,1.0
682,682,1,1,-0.07583067091803673,-0.07449649220730226,1.0
683,683,1,1,-0.07583067091803673,-0.07449649220730226,1.0
684,684,1,1,-0.07583067091803673,-0.07449649220730226,1.0
685,685,1,1,-0.07583067091803673,-0.07449649220730226,1.0
686,686,1,1,-0.07583067091803673,-0.07449649220730226,1.0
687,687,1,1,-0.07583067091803673,-0.07449649220730226,1.0
688,688,1,1,-0.07583067091803673,-0.07449649220730226,1.0
689,689,1,1,-0.07583067091803673,-0.07449649220730226,1.0
690,690,1,1,-0.07583067091803673,-0.07449649220730226,1.0
691,691,1,1,-0.07583067091803673,-0.07449649220730226,1.0
692,692,1,1,-0.07583067091803673,-0.07449649220730226,1.0
693,693,1,1,-0.07583067091803673,-0.07449649220730226,1.0
694,694,1,1,-0.07583067091803673,-0.07449649220730226,1.0
695,695,1,1,-0.07583067091803673,-0.07449649220730226,1.0
696,696,1,1,-0.07583067091803673,-0.07449649220730226,1.0
697,697,1,1,-0.07583067091803673,-0.07449649220730226,1.0
698,698,1,1,-0.07583067091803673,-0.07449649220730226,1.0
699,699,1,1,-0.07583067091803673,-0.07449649220730226,1.0
700,700,1,1,-0.07583067091803673,-0.07449649220730226,1.0
701,701,1,1,-0.07583067091803673,-0.07449649220730226,1.0
702,702,1,1,-0.07583067091803673,-0.07449649220730226,1.0
703,703,1,1,-0.07583067091803673,-0.07449649220730226,1.0
704,704,1,1,-0.07583067091803673,-0.07449649220730226,1.0
705,705,1,1,-0.07583067091803673,-0.07449649220730226,1.0
706,706,1,1,-0.07583067091803673,-0.07449649220730226,1.0
707,707,1,1,-0.07583067091803673,-0.07449649220730226,1.0
708,708,1,1,-0.07583067091803673,-0.07449649220730226,1.0
709,709,1,1,-0.07583067091803673,-0.07449649220730226,1.0
710,710,1,1,-0.07583067091803673,-0.07449649220730226,1.0
711,711,1,1,-0.07583067091803673,-0.07449649220730226,1.0
712,712,1,1,-0.07583067091803673,-0.07449649220730226,1.0
713,713,1,1,-0.07583067091803673,-0.07449649220730226,1.0
714,714,1,1,-0.07583067091803673,-0.07449649220730226,1.0
715,715,1,1,-0.07583067091803673,-0.07449649220730226,1.0
716,716,1,1,-0.07583067091803673,-0.07449649220730226,1.0
717,717,1,1,-0.07583067091803673,-0.07449649220730226,1.0
718,718,1,1,-0.07583067091803673,-0.07449649220730226,1.0
719,719,1,1,-0.07583067091803673,-0.07449649220730226,1.0
720,720,1,1,-0.07583067091803673,-0.07449649220730226,1.0
721,721,1,1,-0.07583067091803673,-0.07449649220730226,1.0
722,722,1,1,-0.07583067091803673,-0.07449649220730226,1.0
723,723,1,1,-0.07583067091803673,-0.07449649220730226,1.0
724,724,1,1,-0.07583067091803673,-0.07449649220730226,1.0
725,725,1,1,-0.07583067091803673,-0.07449649220730226,1.0
726,726,1,1,-0.07583067091803673,-0.07449649220730226,1.0
727,727,1,1,-0.07583067091803673,-0.07449649220730226,1.0
728,728,1,1,-0.07583067091803673,-0.07449649220730226,1.0
729,729,1,1,-0.07583067091803673,-0.07449649220730226,1.0
730,730,1,1,-0.07583067091803673,-0.07449649220730226,1.0
731,731,1,1,-0.07583067091803673,-0.07449649220730226,1.0
732,732,1,1,-0.07583067091803673,-0.07449649220730226,1.0
733,733,1,1,-0.07583067091803673,-0.07449649220730226,1.0
734,734,1,1,-0.07583067091803673,-0.07449649220730226,1.0
735,735,1,1,-0.07583067091803673,-0.07449649220730226,1.0
736,736,1,1,-0.07583067091803673,-0.07449649220730226,1.0
737,737,1,1,-0.07583067091803673,-0.07449649220730226,1.0
738,738,1,1,-0.07583067091803673,-0.07449649220730226,1.0
739,739,1,1,-0.07583067091803673,-0.07449649220730226,1.0
740,740,1,1,-0.07583067091803673,-0.07449649220730226,1.0
741,741,1,1,-0.07583067091803673,-0.07449649220730226,1.0
742,742,1,1,-0.07583067091803673,-0.07449649220730226,1.0
743,743,1,1,-0.07583067091803673,-0.07449649220730226,1.0
744,744,1,1,-0.07583067091803673,-0.07449649220730226,1.0
745,745,1,1,-0.07583067091803673,-0.07449649220730226,1.0
746,746,1,1,-0.07583067091803673,-0.07449649220730226,1.0
747,747,1,1,-0.07583067091803673,-0.07449649220730226,1.0
748,748,1,1,-0.07583067091803673,-0.07449649220730226,1.0
749,749,1,1,-0.07583067091803673,-0.07449649220730226,1.0
750,750,1,1,-0.07583067091803673,-0.07449649220730226,1.0
751,751,1,1,-0.07583067091803673,-0.07449649220730226,1.0
752,752,1,1,-0.07583067091803673,-0.07449649220730226,1.0
753,753,1,1,-0.07583067091803673,-0.07449649220730226,1.0
754,754,1,1,-0.07583067091803673,-0.07449649220730226,1.0
755,755,1,1,-0.07583067091803673,-0.07449649220730226,1.0
756,756,1,1,-0.07583067091803673,-0.07449649220730226,1.0
757,757,1,1,-0.07583067091803673,-0.07449649220730226,1.0
758,758,1,1,-0.07583067091803673,-0.07449649220730226,1.0
759,759,1,1,-0.07583067091803673,-0.07449649220730226,1.0
760,760,1,1,-0.07583067091803673,-0.07449649220730226,1.0
761,761,1,1,-0.07583067091803673,-0.07449649220730226,1.0
762,762,1,1,-0.07583067091803673,-0.07449649220730226,1.0
763,763,1,1,-0.07583067091803673,-0.07449649220730226,1.0
764,764,1,1,-0.07583067091803673,-0.07449649220730226,1.0
765,765,1,1,-0.07583067091803673,-0.07449649220730226,1.0
766,766,1,1,-0.07583067091803673,-0.07449649220730226,1.0
767,767,1,1,-0.07583067091803673,-0.07449649220730226,1.0
768,768,1,1,-0.07583067091803673,-0.07449649220730226,1.0
769,769,1,1,-0.07583067091803673,-0.07449649220730226,1.0
770,770,1,1,-0.07583067091803673,-0.07449649220730226,1.0
771,771,1,1,-0.07583067091803673,-0.07449649220730226,1.0
772,772,1,1,-0.07583067091803673,-0.07449649220730226,1.0
773,773,1,1,-0.07583067091803673,-0.07449649220730226,1.0
774,774,1,1,-0.07583067091803673,-0.07449649220730226,1.0
775,775,1,1,-0.07583067091803673,-0.07449649220730226,1.0
776,776,1,1,-0.07583067091803673,-0.07449649220730226,1.0
777,777,1,1,-0.07583067091803673,-0.07449649220730226,1.0
778,778,1,1,-0.07583067091803673,-0.07449649220730226,1.0
779,779,1,1,-0.07583067091803673,-0.07449649220730226,1.0
780,780,1,1,-0.07583067091803673,-0.07449649220730226,1.0
781,781,1,1,-0.07583067091803673,-0.07449649220730226,1.0
782,782,1,1,-0.07583067091803673,-0.07449649220730226,1.0
783,783,1,1,-0.07583067091803673,-0.07449649220730226,1.0
784,784,1,1,-0.07583067091803673,-0.07449649220730226,1.0
785,785,1,1,-0.07583067091803673,-0.07449649220730226,1.0
786,786,1,1,-0.07583067091803673,-0.07449649220730226,1.0
787,787,1,1,-0.07583067091803673,-0.07449649220730226,1.0
788,788,1,1,-0.07583067091803673,-0.07449649220730226,1.0
789,789,1,1,-0.07583067091803673,-0.07449649220730226,1.0
790,790,1,1,-0.07583067091803673,-0.07449649220730226,1.0
791,791,1,1,-0.07583067091803673,-0.07449649220730226,1.0
792,792,1,1,-0.07583067091803673,-0.07449649220730226,1.0
793,793,1,1,-0.07583067091803673,-0.07449649220730226,1.0
794,794,1,1,-0.07583067091803673,-0.07449649220730226,1.0
795,795,1,1,-0.07583067091803673,-0.07449649220730226,1.0
796,796,1,1,-0.07583067091803673,-0.07449649220730226,1.0
797,797,1,1,-0.07583067091803673,-0.07449649220730226,1.0
798,798,1,1,-0.07583067091803673,-0.07449649220730226,1.0
799,799,1,1,-0.07583067091803673,-0.07449649220730226,1.0
800,800,1,1,-0.07583067091803673,-0.07449649220730226,1.0
801,801,1,1,-0.07583067091803673,-0.07449649220730226,1.0
802,802,1,1,-0.07583067091803673,-0.07449649220730226,1.0
803,803,1,1,-0.07583067091803673,-0.07449649220730226,1.0
804,804,1,1,-0.07583067091803673,-0.07449649220730226,1.0
805,805,1,1,-0.07583067091803673,-0.07449649220730226,1.0
806,806,1,1,-0.07583067091803673,-0.07449649220730226,1.0
807,807,1,1,-0.07583067091803673,-0.07449649220730226,1.0
808,808,1,1,-0.07583067091803673,-0.07449649220730226,1.0
809,809,1,1,-0.07583067091803673,-0.07449649220730226,1.0
810,810,1,1,-0.07583067091803673,-0.07449649220730226,1.0
811,811,1,1,-0.07583067091803673,-0.07449649220730226,1.0
812,812,1,1,-0.07583067091803673,-0.07449649220730226,1.0
813,813,1,1,-0.07583067091803673,-0.07449649220730226,1.0
814,814,1,1,-0.07583067091803673,-0.07449649220730226,1.0
815,815,1,1,-0.07583067091803673,-0.07449649220730226,1.0
816,816,1,1,-0.07583067091803673,-0.07449649220730226,1.0
817,817,1,1,-0.07583067091803673,-0.07449649220730226,1.0
818,818,1,1,-0.07583067091803673,-0.07449649220730226,1.0
819,819,1,1,-0.07583067091803673,-0.07449649220730226,1.0
820,820,1,1,-0.07583067091803673,-0.07449649220730226,1.0
821,821,1,1,-0.07583067091803673,-0.07449649220730226,1.0
822,822,1,1,-0.07583067091803673,-0.07449649220730226,1.0
823,823,1,1,-0.07583067091803673,-0.07449649220730226,1.0
824,824,1,1,-0.07583067091803673,-0.07449649220730226,1.0
825,825,1,1,-0.07583067091803673,-0.07449649220730226,1.0
826,826,1,1,-0.07583067091803673,-0.07449649220730226,1.0
827,827,1,1,-0.07583067091803673,-0.07449649220730226,1.0
828,828,1,1,-0.07583067091803673,-0.07449649220730226,1.0
829,829,1,1,-0.07583067091803673,-0.07449649220730226,1.0
830,830,1,1,-0.07583067091803673,-0.07449649220730226,1.0
831,831,1,1,-0.07583067091803673,-0.07449649220730226,1.0
832,832,1,2,-0.07583067091803673,-0.07168279789302466,2.0
833,833,1,1,-0.07583067091803673,-0.07449649220730226,1.0
834,834,1,1,-0.07583067091803673,-0.07449649220730226,1.0
835,835,1,1,-0.07583067091803673,-0.07449649220730226,1.0
836,836,1,1,-0.07583067091803673,-0.07449649220730226,1.0
837,837,1,1,-0.07583067091803673,-0.07449649220730226,1.0
838,838,1,1,-0.07583067091803673,-0.07449649220730226,1.0
839,839,1,1,-0.07583067091803673,-0.07449649220730226,1.0
840,840,1,1,-0.07583067091803673,-0.07449649220730226,1.0
841,841,1,1,-0.07583067091803673,-0.07449649220730226,1.0
842,842,1,1,-0.07583067091803673,-0.07449649220730226,1.0
843,843,1,1,-0.07583067091803673,-0.07449649220730226,1.0
844,844,1,1,-0.07583067091803673,-0.07449649220730226,1.0
845,845,1,1,-0.07583067091803673,-0.07449649220730226,1.0
846,846,1,1,-0.07583067091803673,-0.07449649220730226,1.0
847,847,1,1,-0.07583067091803673,-0.07449649220730226,1.0
848,848,1,1,-0.07583067091803673,-0.07449649220730226,1.0
849,849,1,1,-0.07583067091803673,-0.07449649220730226,1.0
850,850,1,1,-0.07583067091803673,-0.07449649220730226,1.0
851,851,1,1,-0.07583067091803673,-0.07449649220730226,1.0
852,852,1,1,-0.07583067091803673,-0.07449649220730226,1.0
853,853,1,1,-0.07583067091803673,-0.07449649220730226,1.0
854,854,1,1,-0.07583067091803673,-0.07449649220730226,1.0
855,855,1,1,-0.07583067091803673,-0.07449649220730226,1.0
856,856,1,1,-0.07583067091803673,-0.07449649220730226,1.0
857,857,1,1,-0.07583067091803673,-0.07449649220730226,1.0
858,858,1,1,-0.07583067091803673,-0.07449649220730226,1.0
859,859,1,1,-0.07583067091803673,-0.07449649220730226,1.0
860,860,1,1,-0.07583067091803673,-0.07449649220730226,1.0
861,861,1,1,-0.07583067091803673,-0.07449649220730226,1.0
862,862,1,1,-0.07583067091803673,-0.07449649220730226,1.0
863,863,1,1,-0.07583067091803673,-0.07449649220730226,1.0
864,864,1,1,-0.07583067091803673,-0.07449649220730226,1.0
865,865,1,1,-0.07583067091803673,-0.07449649220730226,1.0
866,866,1,1,-0.07583067091803673,-0.07449649220730226,1.0
867,867,1,1,-0.07583067091803673,-0.07449649220730226,1.0
868,868,1,1,-0.07583067091803673,-0.07449649220730226,1.0
869,869,1,1,-0.07583067091803673,-0.07449649220730226,1.0
870,870,1,1,-0.07583067091803673,-0.07449649220730226,1.0
871,871,1,1,-0.07583067091803673,-0.07449649220730226,1.0
872,872,1,1,-0.07583067091803673,-0.07449649220730226,1.0
873,873,1,1,-0.07583067091803673,-0.07449649220730226,1.0
874,874,1,1,-0.07583067091803673,-0.07449649220730226,1.0
875,875,1,1,-0.07583067091803673,-0.07449649220730226,1.0
876,876,1,1,-0.07583067091803673,-0.07449649220730226,1.0
877,877,1,1,-0.07583067091803673,-0.07449649220730226,1.0
878,878,1,1,-0.07583067091803673,-0.07449649220730226,1.0
879,879,1,1,-0.07583067091803673,-0.07449649220730226,1.0
880,880,1,1,-0.07583067091803673,-0.07449649220730226,1.0
881,881,1,1,-0.07583067091803673,-0.07449649220730226,1.0
882,882,1,1,-0.07583067091803673,-0.07449649220730226,1.0
883,883,1,1,-0.07583067091803673,-0.07449649220730226,1.0
884,884,1,1,-0.07583067091803673,-0.07449649220730226,1.0
885,885,1,1,-0.07583067091803673,-0.07449649220730226,1.0
886,886,1,1,-0.07583067091803673,-0.07449649220730226,1.0
887,887,1,1,-0.07583067091803673,-0.07449649220730226,1.0
888,888,1,1,-0.07583067091803673,-0.07449649220730226,1.0
889,889,1,1,-0.07583067091803673,-0.07449649220730226,1.0
890,890,1,1,-0.07583067091803673,-0.07449649220730226,1.0
891,891,1,1,-0.07583067091803673,-0.07449649220730226,1.0
892,892,1,1,-0.07583067091803673,-0.07449649220730226,1.0
893,893,1,1,-0.07583067091803673,-0.07449649220730226,1.0
894,894,1,1,-0.07583067091803673,-0.07449649220730226,1.0
895,895,1,1,-0.07583067091803673,-0.07449649220730226,1.0
896,896,1,1,-0.07583067091803673,-0.07449649220730226,1.0
897,897,1,1,-0.07583067091803673,-0.07449649220730226,1.0
898,898,1,1,-0.07583067091803673,-0.07449649220730226,1.0
899,899,1,1,-0.07583067091803673,-0.07449649220730226,1.0
900,900,1,1,-0.07583067091803673,-0.07449649220730226,1.0
901,901,1,1,-0.07583067091803673,-0.07449649220730226,1.0
902,902,1,1,-0.07583067091803673,-0.07449649220730226,1.0
903,903,1,1,-0.07583067091803673,-0.07449649220730226,1.0
904,904,1,1,-0.07583067091803673,-0.07449649220730226,1.0
905,905,1,1,-0.07583067091803673,-0.07449649220730226,1.0
906,906,1,1,-0.07583067091803673,-0.07449649220730226,1.0
907,907,1,1,-0.07583067091803673,-0.07449649220730226,1.0
908,908,1,1,-0.07583067091803673,-0.07449649220730226,1.0
909,909,1,1,-0.07583067091803673,-0.07449649220730226,1.0
910,910,1,1,-0.07583067091803673,-0.07449649220730226,1.0
911,911,1,1,-0.07583067091803673,-0.07449649220730226,1.0
912,912,1,1,-0.07583067091803673,-0.07449649220730226,1.0
913,913,1,1,-0.07583067091803673,-0.07449649220730226,1.0
914,914,1,1,-0.07583067091803673,-0.07449649220730226,1.0
915,915,1,1,-0.07583067091803673,-0.07449649220730226,1.0
916,916,1,1,-0.07583067091803673,-0.07449649220730226,1.0
917,917,1,1,-0.07583067091803673,-0.07449649220730226,1.0
918,918,1,1,-0.07583067091803673,-0.07449649220730226,1.0
919,919,1,1,-0.07583067091803673,-0.07449649220730226,1.0
920,920,1,1,-0.07583067091803673,-0.07449649220730226,1.0
921,921,1,1,-0.07583067091803673,-0.07449649220730226,1.0
922,922,1,1,-0.07583067091803673,-0.07449649220730226,1.0
923,923,1,1,-0.07583067091803673,-0.07449649220730226,1.0
924,924,1,1,-0.07583067091803673,-0.07449649220730226,1.0
925,925,1,1,-0.07583067091803673,-0.07449649220730226,1.0
926,926,1,1,-0.07583067091803673,-0.07449649220730226,1.0
927,927,1,1,-0.07583067091803673,-0.07449649220730226,1.0
928,928,1,1,-0.07583067091803673,-0.07449649220730226,1.0
929,929,1,1,-0.07583067091803673,-0.07449649220730226,1.0
930,930,1,1,-0.07583067091803673,-0.07449649220730226,1.0
931,931,1,1,-0.07583067091803673,-0.07449649220730226,1.0
932,932,1,1,-0.07583067091803673,-0.07449649220730226,1.0
933,933,1,1,-0.07583067091803673,-0.07449649220730226,1.0
934,934,1,1,-0.07583067091803673,-0.07449649220730226,1.0
935,935,1,1,-0.07583067091803673,-0.07449649220730226,1.0
936,936,1,1,-0.07583067091803673,-0.07449649220730226,1.0
937,937,1,1,-0.07583067091803673,-0.07449649220730226,1.0
938,938,1,1,-0.07583067091803673,-0.07449649220730226,1.0
939,939,1,1,-0.07583067091803673,-0.07449649220730226,1.0
940,940,1,1,-0.07583067091803673,-0.07449649220730226,1.0
941,941,1,1,-0.07583067091803673,-0.07449649220730226,1.0
942,942,1,1,-0.07583067091803673,-0.07449649220730226,1.0
943,943,1,1,-0.07583067091803673,-0.07449649220730226,1.0
944,944,1,1,-0.07583067091803673,-0.07449649220730226,1.0
945,945,1,1,-0.07583067091803673,-0.07449649220730226,1.0
946,946,1,1,-0.07583067091803673,-0.07449649220730226,1.0
947,947,1,1,-0.07583067091803673,-0.07449649220730226,1.0
948,948,1,1,-0.07583067091803673,-0.07449649220730226,1.0
949,949,1,1,-0.07583067091803673,-0.07449649220730226,1.0
950,950,1,1,-0.07583067091803673,-0.07449649220730226,1.0
951,951,1,1,-0.07583067091803673,-0.07449649220730226,1.0
952,952,1,1,-0.07583067091803673,-0.07449649220730226,1.0
953,953,1,1,-0.07583067091803673,-0.07449649220730226,1.0
954,954,1,1,-0.07583067091803673,-0.07449649220730226,1.0
955,955,1,1,-0.07583067091803673,-0.07449649220730226,1.0
956,956,1,1,-0.07583067091803673,-0.07449649220730226,1.0
957,957,1,1,-0.07583067091803673,-0.07449649220730226,1.0
958,958,1,1,-0.07583067091803673,-0.07449649220730226,1.0
959,959,1,1,-0.07583067091803673,-0.07449649220730226,1.0
960,960,1,1,-0.07583067091803673,-0.07449649220730226,1.0
961,961,1,1,-0.07583067091803673,-0.07449649220730226,1.0
962,962,1,1,-0.07583067091803673,-0.07449649220730226,1.0
963,963,1,1,-0.07583067091803673,-0.07449649220730226,1.0
964,964,1,1,-0.07583067091803673,-0.07449649220730226,1.0
965,965,1,1,-0.07583067091803673,-0.07449649220730226,1.0
966,966,1,1,-0.07583067091803673,-0.07449649220730226,1.0
967,967,1,1,-0.07583067091803673,-0.07449649220730226,1.0
968,968,1,1,-0.07583067091803673,-0.07449649220730226,1.0
969,969,1,1,-0.07583067091803673,-0.07449649220730226,1.0
970,970,1,1,-0.07583067091803673,-0.07449649220730226,1.0
971,971,1,1,-0.07583067091803673,-0.07449649220730226,1.0
972,972,1,1,-0.07583067091803673,-0.07449649220730226,1.0
973,973,1,1,-0.07583067091803673,-0.07449649220730226,1.0
974,974,1,1,-0.07583067091803673,-0.07449649220730226,1.0
975,975,1,1,-0.07583067091803673,-0.07449649220730226,1.0
976,976,1,1,-0.07583067091803673,-0.07449649220730226,1.0
977,977,1,1,-0.07583067091803673,-0.07449649220730226,1.0
978,978,1,1,-0.07583067091803673,-0.07449649220730226,1.0
979,979,1,1,-0.07583067091803673,-0.07449649220730226,1.0
980,980,1,1,-0.07583067091803673,-0.07449649220730226,1.0
981,981,1,1,-0.07583067091803673,-0.07449649220730226,1.0
982,982,1,1,-0.07583067091803673,-0.07449649220730226,1.0
983,983,1,1,-0.07583067091803673,-0.07449649220730226,1.0
984,984,1,1,-0.07583067091803673,-0.07449649220730226,1.0
985,985,1,1,-0.07583067091803673,-0.07449649220730226,1.0
986,986,1,1,-0.07583067091803673,-0.07449649220730226,1.0
987,987,1,1,-0.07583067091803673,-0.07449649220730226,1.0
988,988,1,1,-0.07583067091803673,-0.07449649220730226,1.0
989,989,1,1,-0.07583067091803673,-0.07449649220730226,1.0
990,990,1,1,-0.07583067091803673,-0.07449649220730226,1.0
991,991,1,1,-0.07583067091803673,-0.07449649220730226,1.0
992,992,1,1,-0.07583067091803673,-0.07449649220730226,1.0
993,993,1,1,-0.07583067091803673,-0.07449649220730226,1.0
994,994,1,1,-0.07583067091803673,-0.07449649220730226,1.0
995,995,1,1,-0.07583067091803673,-0.07449649220730226,1.0
996,996,1,1,-0.07583067091803673,-0.07449649220730226,1.0
997,997,1,1,-0.07583067091803673,-0.07449649220730226,1.0
998,998,1,1,-0.07583067091803673,-0.07449649220730226,1.0
999,999,1,1,-0.07583067091803673,-0.07449649220730226,1.0
1000,1000,1,1,-0.07583067091803673,-0.07449649220730226,1.0
1001,1001,1,1,-0.07583067091803673,-0.07449649220730226,1.0
1002,1002,1,1,-0.07583067091803673,-0.07449649220730226,1.0
1003,1003,1,1,-0.07583067091803673,-0.07449649220730226,1.0
1004,1004,1,1,-0.07583067091803673,-0.07449649220730226,1.0
1005,1005,1,1,-0.07583067091803673,-0.07449649220730226,1.0
1006,1006,1,1,-0.07583067091803673,-0.07449649220730226,1.0
1007,1007,1,1,-0.07583067091803673,-0.07449649220730226,1.0
1008,1008,1,1,-0.07583067091803673,-0.07449649220730226,1.0
1009,1009,1,1,-0.07583067091803673,-0.07449649220730226,1.0
1010,1010,1,1,-0.07583067091803673,-0.07449649220730226,1.0
1011,1011,1,1,-0.07583067091803673,-0.07449649220730226,1.0
1012,1012,1,1,-0.07583067091803673,-0.07449649220730226,1.0
1013,1013,1,1,-0.07583067091803673,-0.07449649220730226,1.0
1014,1014,1,1,-0.07583067091803673,-0.07449649220730226,1.0
1015,1015,1,1,-0.07583067091803673,-0.07449649220730226,1.0
1016,1016,1,1,-0.07583067091803673,-0.07449649220730226,1.0
1017,1017,1,1,-0.07583067091803673,-0.07449649220730226,1.0
1018,1018,1,1,-0.07583067091803673,-0.07449649220730226,1.0
1019,1019,1,1,-0.07583067091803673,-0.07449649220730226,1.0
1020,1020,1,1,-0.07583067091803673,-0.07449649220730226,1.0
1021,1021,1,1,-0.07583067091803673,-0.07449649220730226,1.0
1022,1022,1,1,-0.07583067091803673,-0.07449649220730226,1.0
1023,1023,1,1,-0.07583067091803673,-0.07449649220730226,1.0
1024,1024,1,1,-0.07583067091803673,-0.07449649220730226,1.0
1025,1025,1,1,-0.07583067091803673,-0.07449649220730226,1.0
1026,1026,1,1,-0.07583067091803673,-0.07449649220730226,1.0
1027,1027,1,1,-0.07583067091803673,-0.07449649220730226,1.0
1028,1028,1,1,-0.07583067091803673,-0.07449649220730226,1.0
1029,1029,1,1,-0.07583067091803673,-0.07449649220730226,1.0
1030,1030,1,1,-0.07583067091803673,-0.07449649220730226,1.0
1031,1031,1,1,-0.07583067091803673,-0.07449649220730226,1.0
1032,1032,1,1,-0.07583067091803673,-0.07449649220730226,1.0
1033,1033,1,1,-0.07583067091803673,-0.07449649220730226,1.0
1034,1034,1,1,-0.07583067091803673,-0.07449649220730226,1.0
1035,1035,1,1,-0.07583067091803673,-0.07449649220730226,1.0
1036,1036,1,1,-0.07583067091803673,-0.07449649220730226,1.0
1037,1037,1,1,-0.07583067091803673,-0.07449649220730226,1.0
1038,1038,1,1,-0.07583067091803673,-0.07449649220730226,1.0
1039,1039,1,1,-0.07583067091803673,-0.07449649220730226,1.0
1040,1040,1,1,-0.07583067091803673,-0.07449649220730226,1.0
1041,1041,1,1,-0.07583067091803673,-0.07449649220730226,1.0
1042,1042,1,1,-0.07583067091803673,-0.07449649220730226,1.0
1043,1043,1,1,-0.07583067091803673,-0.07449649220730226,1.0
1044,1044,1,1,-0.07583067091803673,-0.07449649220730226,1.0
1045,1045,1,1,-0.07583067091803673,-0.07449649220730226,1.0
1046,1046,1,1,-0.07583067091803673,-0.07449649220730226,1.0
1047,1047,1,1,-0.07583067091803673,-0.07449649220730226,1.0
1048,1048,1,1,-0.07583067091803673,-0.07449649220730226,1.0
1049,1049,1,1,-0.07583067091803673,-0.07449649220730226,1.0
1050,1050,1,1,-0.07583067091803673,-0.07449649220730226,1.0
1051,1051,1,1,-0.07583067091803673,-0.07449649220730226,1.0
1052,1052,1,1,-0.07583067091803673,-0.07449649220730226,1.0
1053,1053,1,1,-0.07583067091803673,-0.07449649220730226,1.0
1054,1054,1,1,-0.07583067091803673,-0.07449649220730226,1.0
1055,1055,1,1,-0.07583067091803673,-0.07449649220730226,1.0
1056,1056,1,1,-0.07583067091803673,-0.07449649220730226,1.0
1057,1057,1,1,-0.07583067091803673,-0.07449649220730226,1.0
1058,1058,1,1,-0.07583067091803673,-0.07449649220730226,1.0
1059,1059,1,1,-0.07583067091803673,-0.07449649220730226,1.0
1060,1060,1,1,-0.07583067091803673,-0.07449649220730226,1.0
1061,1061,1,1,-0.07583067091803673,-0.07449649220730226,1.0
1062,1062,1,1,-0.07583067091803673,-0.07449649220730226,1.0
1063,1063,1,1,-0.07583067091803673,-0.07449649220730226,1.0
1064,1064,1,1,-0.07583067091803673,-0.07449649220730226,1.0
1065,1065,1,1,-0.07583067091803673,-0.07449649220730226,1.0
1066,1066,1,1,-0.07583067091803673,-0.07449649220730226,1.0
1067,1067,1,1,-0.07583067091803673,-0.07449649220730226,1.0
1068,1068,1,1,-0.07583067091803673,-0.07449649220730226,1.0
1069,1069,1,1,-0.07583067091803673,-0.07449649220730226,1.0
1070,1070,1,1,-0.07583067091803673,-0.07449649220730226,1.0
1071,1071,1,1,-0.07583067091803673,-0.07449649220730226,1.0
1072,1072,1,1,-0.07583067091803673,-0.07449649220730226,1.0
1073,1073,1,1,-0.07583067091803673,-0.07449649220730226,1.0
1074,1074,1,1,-0.07583067091803673,-0.07449649220730226,1.0
1075,1075,1,1,-0.07583067091803673,-0.07449649220730226,1.0
1076,1076,1,1,-0.07583067091803673,-0.07449649220730226,1.0
1077,1077,1,1,-0.07583067091803673,-0.07449649220730226,1.0
1078,1078,1,1,-0.07583067091803673,-0.07449649220730226,1.0
1079,1079,1,1,-0.07583067091803673,-0.07449649220730226,1.0
1080,1080,1,1,-0.07583067091803673,-0.07449649220730226,1.0
1081,1081,1,1,-0.07583067091803673,-0.07449649220730226,1.0
1082,1082,1,1,-0.07583067091803673,-0.07449649220730226,1.0
1083,1083,1,1,-0.07583067091803673,-0.07449649220730226,1.0
1084,1084,1,1,-0.07583067091803673,-0.07449649220730226,1.0
1085,1085,1,1,-0.07583067091803673,-0.07449649220730226,1.0
1086,1086,1,1,-0.07583067091803673,-0.07449649220730226,1.0
1087,1087,1,1,-0.07583067091803673,-0.07449649220730226,1.0
1088,1088,1,1,-0.07583067091803673,-0.07449649220730226,1.0
1089,1089,1,1,-0.07583067091803673,-0.07449649220730226,1.0
1090,1090,1,1,-0.07583067091803673,-0.07449649220730226,1.0
1091,1091,1,1,-0.07583067091803673,-0.07449649220730226,1.0
1092,1092,1,1,-0.07583067091803673,-0.07449649220730226,1.0
1093,1093,1,1,-0.07583067091803673,-0.07449649220730226,1.0
1094,1094,1,1,-0.07583067091803673,-0.07449649220730226,1.0
1095,1095,1,1,-0.07583067091803673,-0.07449649220730226,1.0
1096,1096,1,1,-0.07583067091803673,-0.07449649220730226,1.0
1097,1097,1,1,-0.07583067091803673,-0.07449649220730226,1.0
1098,1098,1,1,-0.07583067091803673,-0.07449649220730226,1.0
1099,1099,1,1,-0.07583067091803673,-0.07449649220730226,1.0
1100,1100,1,1,-0.07583067091803673,-0.07449649220730226,1.0
1101,1101,1,1,-0.07583067091803673,-0.07449649220730226,1.0
1102,1102,1,1,-0.07583067091803673,-0.07449649220730226,1.0
1103,1103,1,1,-0.07583067091803673,-0.07449649220730226,1.0
1104,1104,1,1,-0.07583067091803673,-0.07449649220730226,1.0
1105,1105,1,1,-0.07583067091803673,-0.07449649220730226,1.0
1106,1106,1,1,-0.07583067091803673,-0.07449649220730226,1.0
1107,1107,1,1,-0.07583067091803673,-0.07449649220730226,1.0
1108,1108,1,1,-0.07583067091803673,-0.07449649220730226,1.0
1109,1109,1,1,-0.07583067091803673,-0.07449649220730226,1.0
1110,1110,1,1,-0.07583067091803673,-0.07449649220730226,1.0
1111,1111,1,1,-0.07583067091803673,-0.07449649220730226,1.0
1112,1112,1,1,-0.07583067091803673,-0.07449649220730226,1.0
1113,1113,1,1,-0.07583067091803673,-0.07449649220730226,1.0
1114,1114,1,1,-0.07583067091803673,-0.07449649220730226,1.0
1115,1115,1,1,-0.07583067091803673,-0.07449649220730226,1.0
1116,1116,1,1,-0.07583067091803673,-0.07449649220730226,1.0
1117,1117,1,1,-0.07583067091803673,-0.07449649220730226,1.0
1118,1118,1,1,-0.07583067091803673,-0.07449649220730226,1.0
1119,1119,1,1,-0.07583067091803673,-0.07449649220730226,1.0
1120,1120,1,1,-0.07583067091803673,-0.07449649220730226,1.0
1121,1121,1,1,-0.07583067091803673,-0.07449649220730226,1.0
1122,1122,1,1,-0.07583067091803673,-0.07449649220730226,1.0
1123,1123,1,1,-0.07583067091803673,-0.07449649220730226,1.0
1124,1124,1,1,-0.07583067091803673,-0.07449649220730226,1.0
1125,1125,1,1,-0.07583067091803673,-0.07449649220730226,1.0
1126,1126,1,1,-0.07583067091803673,-0.07449649220730226,1.0
1127,1127,1,1,-0.07583067091803673,-0.07449649220730226,1.0
1128,1128,1,1,-0.07583067091803673,-0.07449649220730226,1.0
1129,1129,1,1,-0.07583067091803673,-0.07449649220730226,1.0
1130,1130,1,1,-0.07583067091803673,-0.07449649220730226,1.0
1131,1131,1,1,-0.07583067091803673,-0.07449649220730226,1.0
1132,1132,1,1,-0.07583067091803673,-0.07449649220730226,1.0
1133,1133,1,1,-0.07583067091803673,-0.07449649220730226,1.0
1134,1134,1,1,-0.07583067091803673,-0.07449649220730226,1.0
1135,1135,1,1,-0.07583067091803673,-0.07449649220730226,1.0
1136,1136,1,1,-0.07583067091803673,-0.07449649220730226,1.0
1137,1137,1,1,-0.07583067091803673,-0.07449649220730226,1.0
1138,1138,1,1,-0.07583067091803673,-0.07449649220730226,1.0
1139,1139,1,1,-0.07583067091803673,-0.07449649220730226,1.0
1140,1140,1,1,-0.07583067091803673,-0.07449649220730226,1.0
1141,1141,1,1,-0.07583067091803673,-0.07449649220730226,1.0
1142,1142,1,1,-0.07583067091803673,-0.07449649220730226,1.0
1143,1143,1,1,-0.07583067091803673,-0.07449649220730226,1.0
